[2025-10-07T04:16:59.590+0000] {processor.py:161} INFO - Started process (PID=172) to work on /opt/airflow/dags/airflow.py
[2025-10-07T04:16:59.592+0000] {processor.py:830} INFO - Processing file /opt/airflow/dags/airflow.py for tasks to queue
[2025-10-07T04:16:59.598+0000] {logging_mixin.py:188} INFO - [2025-10-07T04:16:59.598+0000] {dagbag.py:545} INFO - Filling up the DagBag from /opt/airflow/dags/airflow.py
[2025-10-07T04:16:59.668+0000] {processor.py:840} INFO - DAG(s) 'sms_spam_pipeline' retrieved from /opt/airflow/dags/airflow.py
[2025-10-07T04:16:59.706+0000] {logging_mixin.py:188} INFO - [2025-10-07T04:16:59.706+0000] {dag.py:3096} INFO - Sync 1 DAGs
[2025-10-07T04:16:59.734+0000] {logging_mixin.py:188} INFO - [2025-10-07T04:16:59.734+0000] {dag.py:3954} INFO - Setting next_dagrun for sms_spam_pipeline to 2025-10-06 00:00:00+00:00, run_after=2025-10-07 00:00:00+00:00
[2025-10-07T04:16:59.763+0000] {processor.py:183} INFO - Processing /opt/airflow/dags/airflow.py took 0.183 seconds
[2025-10-07T04:17:29.895+0000] {processor.py:161} INFO - Started process (PID=177) to work on /opt/airflow/dags/airflow.py
[2025-10-07T04:17:29.897+0000] {processor.py:830} INFO - Processing file /opt/airflow/dags/airflow.py for tasks to queue
[2025-10-07T04:17:29.902+0000] {logging_mixin.py:188} INFO - [2025-10-07T04:17:29.901+0000] {dagbag.py:545} INFO - Filling up the DagBag from /opt/airflow/dags/airflow.py
[2025-10-07T04:17:29.949+0000] {processor.py:840} INFO - DAG(s) 'sms_spam_pipeline' retrieved from /opt/airflow/dags/airflow.py
[2025-10-07T04:17:30.288+0000] {logging_mixin.py:188} INFO - [2025-10-07T04:17:30.287+0000] {dag.py:3096} INFO - Sync 1 DAGs
[2025-10-07T04:17:30.313+0000] {logging_mixin.py:188} INFO - [2025-10-07T04:17:30.312+0000] {dag.py:3954} INFO - Setting next_dagrun for sms_spam_pipeline to 2025-10-06 00:00:00+00:00, run_after=2025-10-07 00:00:00+00:00
[2025-10-07T04:17:30.349+0000] {processor.py:183} INFO - Processing /opt/airflow/dags/airflow.py took 0.464 seconds
[2025-10-07T04:18:00.604+0000] {processor.py:161} INFO - Started process (PID=182) to work on /opt/airflow/dags/airflow.py
[2025-10-07T04:18:00.607+0000] {processor.py:830} INFO - Processing file /opt/airflow/dags/airflow.py for tasks to queue
[2025-10-07T04:18:00.610+0000] {logging_mixin.py:188} INFO - [2025-10-07T04:18:00.609+0000] {dagbag.py:545} INFO - Filling up the DagBag from /opt/airflow/dags/airflow.py
[2025-10-07T04:18:00.655+0000] {processor.py:840} INFO - DAG(s) 'sms_spam_pipeline' retrieved from /opt/airflow/dags/airflow.py
[2025-10-07T04:18:00.713+0000] {logging_mixin.py:188} INFO - [2025-10-07T04:18:00.712+0000] {dag.py:3096} INFO - Sync 1 DAGs
[2025-10-07T04:18:00.741+0000] {logging_mixin.py:188} INFO - [2025-10-07T04:18:00.740+0000] {dag.py:3954} INFO - Setting next_dagrun for sms_spam_pipeline to 2025-10-06 00:00:00+00:00, run_after=2025-10-07 00:00:00+00:00
[2025-10-07T04:18:00.767+0000] {processor.py:183} INFO - Processing /opt/airflow/dags/airflow.py took 0.174 seconds
[2025-10-07T04:18:31.030+0000] {processor.py:161} INFO - Started process (PID=187) to work on /opt/airflow/dags/airflow.py
[2025-10-07T04:18:31.031+0000] {processor.py:830} INFO - Processing file /opt/airflow/dags/airflow.py for tasks to queue
[2025-10-07T04:18:31.035+0000] {logging_mixin.py:188} INFO - [2025-10-07T04:18:31.035+0000] {dagbag.py:545} INFO - Filling up the DagBag from /opt/airflow/dags/airflow.py
[2025-10-07T04:18:31.071+0000] {processor.py:840} INFO - DAG(s) 'sms_spam_pipeline' retrieved from /opt/airflow/dags/airflow.py
[2025-10-07T04:18:31.126+0000] {logging_mixin.py:188} INFO - [2025-10-07T04:18:31.126+0000] {dag.py:3096} INFO - Sync 1 DAGs
[2025-10-07T04:18:31.156+0000] {logging_mixin.py:188} INFO - [2025-10-07T04:18:31.156+0000] {dag.py:3954} INFO - Setting next_dagrun for sms_spam_pipeline to 2025-10-06 00:00:00+00:00, run_after=2025-10-07 00:00:00+00:00
[2025-10-07T04:18:31.185+0000] {processor.py:183} INFO - Processing /opt/airflow/dags/airflow.py took 0.166 seconds
[2025-10-07T04:19:01.447+0000] {processor.py:161} INFO - Started process (PID=192) to work on /opt/airflow/dags/airflow.py
[2025-10-07T04:19:01.449+0000] {processor.py:830} INFO - Processing file /opt/airflow/dags/airflow.py for tasks to queue
[2025-10-07T04:19:01.452+0000] {logging_mixin.py:188} INFO - [2025-10-07T04:19:01.452+0000] {dagbag.py:545} INFO - Filling up the DagBag from /opt/airflow/dags/airflow.py
[2025-10-07T04:19:01.489+0000] {processor.py:840} INFO - DAG(s) 'sms_spam_pipeline' retrieved from /opt/airflow/dags/airflow.py
[2025-10-07T04:19:01.543+0000] {logging_mixin.py:188} INFO - [2025-10-07T04:19:01.542+0000] {dag.py:3096} INFO - Sync 1 DAGs
[2025-10-07T04:19:01.570+0000] {logging_mixin.py:188} INFO - [2025-10-07T04:19:01.570+0000] {dag.py:3954} INFO - Setting next_dagrun for sms_spam_pipeline to 2025-10-06 00:00:00+00:00, run_after=2025-10-07 00:00:00+00:00
[2025-10-07T04:19:01.604+0000] {processor.py:183} INFO - Processing /opt/airflow/dags/airflow.py took 0.165 seconds
[2025-10-07T04:19:31.878+0000] {processor.py:161} INFO - Started process (PID=197) to work on /opt/airflow/dags/airflow.py
[2025-10-07T04:19:31.880+0000] {processor.py:830} INFO - Processing file /opt/airflow/dags/airflow.py for tasks to queue
[2025-10-07T04:19:31.883+0000] {logging_mixin.py:188} INFO - [2025-10-07T04:19:31.883+0000] {dagbag.py:545} INFO - Filling up the DagBag from /opt/airflow/dags/airflow.py
[2025-10-07T04:19:31.921+0000] {processor.py:840} INFO - DAG(s) 'sms_spam_pipeline' retrieved from /opt/airflow/dags/airflow.py
[2025-10-07T04:19:31.969+0000] {logging_mixin.py:188} INFO - [2025-10-07T04:19:31.969+0000] {dag.py:3096} INFO - Sync 1 DAGs
[2025-10-07T04:19:32.000+0000] {logging_mixin.py:188} INFO - [2025-10-07T04:19:31.999+0000] {dag.py:3954} INFO - Setting next_dagrun for sms_spam_pipeline to 2025-10-06 00:00:00+00:00, run_after=2025-10-07 00:00:00+00:00
[2025-10-07T04:19:32.031+0000] {processor.py:183} INFO - Processing /opt/airflow/dags/airflow.py took 0.163 seconds
[2025-10-07T04:20:02.120+0000] {processor.py:161} INFO - Started process (PID=202) to work on /opt/airflow/dags/airflow.py
[2025-10-07T04:20:02.121+0000] {processor.py:830} INFO - Processing file /opt/airflow/dags/airflow.py for tasks to queue
[2025-10-07T04:20:02.126+0000] {logging_mixin.py:188} INFO - [2025-10-07T04:20:02.125+0000] {dagbag.py:545} INFO - Filling up the DagBag from /opt/airflow/dags/airflow.py
[2025-10-07T04:20:02.168+0000] {processor.py:840} INFO - DAG(s) 'sms_spam_pipeline' retrieved from /opt/airflow/dags/airflow.py
[2025-10-07T04:20:02.220+0000] {logging_mixin.py:188} INFO - [2025-10-07T04:20:02.220+0000] {dag.py:3096} INFO - Sync 1 DAGs
[2025-10-07T04:20:02.254+0000] {logging_mixin.py:188} INFO - [2025-10-07T04:20:02.254+0000] {dag.py:3954} INFO - Setting next_dagrun for sms_spam_pipeline to 2025-10-06 00:00:00+00:00, run_after=2025-10-07 00:00:00+00:00
[2025-10-07T04:20:02.286+0000] {processor.py:183} INFO - Processing /opt/airflow/dags/airflow.py took 0.179 seconds
[2025-10-07T04:20:32.497+0000] {processor.py:161} INFO - Started process (PID=207) to work on /opt/airflow/dags/airflow.py
[2025-10-07T04:20:32.502+0000] {processor.py:830} INFO - Processing file /opt/airflow/dags/airflow.py for tasks to queue
[2025-10-07T04:20:32.505+0000] {logging_mixin.py:188} INFO - [2025-10-07T04:20:32.505+0000] {dagbag.py:545} INFO - Filling up the DagBag from /opt/airflow/dags/airflow.py
[2025-10-07T04:20:32.535+0000] {processor.py:840} INFO - DAG(s) 'sms_spam_pipeline' retrieved from /opt/airflow/dags/airflow.py
[2025-10-07T04:20:32.579+0000] {logging_mixin.py:188} INFO - [2025-10-07T04:20:32.579+0000] {dag.py:3096} INFO - Sync 1 DAGs
[2025-10-07T04:20:32.607+0000] {logging_mixin.py:188} INFO - [2025-10-07T04:20:32.607+0000] {dag.py:3954} INFO - Setting next_dagrun for sms_spam_pipeline to 2025-10-06 00:00:00+00:00, run_after=2025-10-07 00:00:00+00:00
[2025-10-07T04:20:32.631+0000] {processor.py:183} INFO - Processing /opt/airflow/dags/airflow.py took 0.143 seconds
[2025-10-07T04:21:02.715+0000] {processor.py:161} INFO - Started process (PID=212) to work on /opt/airflow/dags/airflow.py
[2025-10-07T04:21:02.716+0000] {processor.py:830} INFO - Processing file /opt/airflow/dags/airflow.py for tasks to queue
[2025-10-07T04:21:02.719+0000] {logging_mixin.py:188} INFO - [2025-10-07T04:21:02.719+0000] {dagbag.py:545} INFO - Filling up the DagBag from /opt/airflow/dags/airflow.py
[2025-10-07T04:21:02.751+0000] {processor.py:840} INFO - DAG(s) 'sms_spam_pipeline' retrieved from /opt/airflow/dags/airflow.py
[2025-10-07T04:21:02.795+0000] {logging_mixin.py:188} INFO - [2025-10-07T04:21:02.794+0000] {dag.py:3096} INFO - Sync 1 DAGs
[2025-10-07T04:21:02.823+0000] {logging_mixin.py:188} INFO - [2025-10-07T04:21:02.823+0000] {dag.py:3954} INFO - Setting next_dagrun for sms_spam_pipeline to 2025-10-06 00:00:00+00:00, run_after=2025-10-07 00:00:00+00:00
[2025-10-07T04:21:02.851+0000] {processor.py:183} INFO - Processing /opt/airflow/dags/airflow.py took 0.146 seconds
[2025-10-07T04:21:33.076+0000] {processor.py:161} INFO - Started process (PID=217) to work on /opt/airflow/dags/airflow.py
[2025-10-07T04:21:33.077+0000] {processor.py:830} INFO - Processing file /opt/airflow/dags/airflow.py for tasks to queue
[2025-10-07T04:21:33.080+0000] {logging_mixin.py:188} INFO - [2025-10-07T04:21:33.079+0000] {dagbag.py:545} INFO - Filling up the DagBag from /opt/airflow/dags/airflow.py
[2025-10-07T04:21:33.121+0000] {processor.py:840} INFO - DAG(s) 'sms_spam_pipeline' retrieved from /opt/airflow/dags/airflow.py
[2025-10-07T04:21:33.167+0000] {logging_mixin.py:188} INFO - [2025-10-07T04:21:33.166+0000] {dag.py:3096} INFO - Sync 1 DAGs
[2025-10-07T04:21:33.195+0000] {logging_mixin.py:188} INFO - [2025-10-07T04:21:33.194+0000] {dag.py:3954} INFO - Setting next_dagrun for sms_spam_pipeline to 2025-10-06 00:00:00+00:00, run_after=2025-10-07 00:00:00+00:00
[2025-10-07T04:21:33.222+0000] {processor.py:183} INFO - Processing /opt/airflow/dags/airflow.py took 0.154 seconds
[2025-10-07T04:22:03.491+0000] {processor.py:161} INFO - Started process (PID=222) to work on /opt/airflow/dags/airflow.py
[2025-10-07T04:22:03.493+0000] {processor.py:830} INFO - Processing file /opt/airflow/dags/airflow.py for tasks to queue
[2025-10-07T04:22:03.496+0000] {logging_mixin.py:188} INFO - [2025-10-07T04:22:03.495+0000] {dagbag.py:545} INFO - Filling up the DagBag from /opt/airflow/dags/airflow.py
[2025-10-07T04:22:03.530+0000] {processor.py:840} INFO - DAG(s) 'sms_spam_pipeline' retrieved from /opt/airflow/dags/airflow.py
[2025-10-07T04:22:03.568+0000] {logging_mixin.py:188} INFO - [2025-10-07T04:22:03.568+0000] {dag.py:3096} INFO - Sync 1 DAGs
[2025-10-07T04:22:03.593+0000] {logging_mixin.py:188} INFO - [2025-10-07T04:22:03.593+0000] {dag.py:3954} INFO - Setting next_dagrun for sms_spam_pipeline to 2025-10-06 00:00:00+00:00, run_after=2025-10-07 00:00:00+00:00
[2025-10-07T04:22:03.622+0000] {processor.py:183} INFO - Processing /opt/airflow/dags/airflow.py took 0.145 seconds
[2025-10-07T04:22:33.727+0000] {processor.py:161} INFO - Started process (PID=227) to work on /opt/airflow/dags/airflow.py
[2025-10-07T04:22:33.730+0000] {processor.py:830} INFO - Processing file /opt/airflow/dags/airflow.py for tasks to queue
[2025-10-07T04:22:33.735+0000] {logging_mixin.py:188} INFO - [2025-10-07T04:22:33.734+0000] {dagbag.py:545} INFO - Filling up the DagBag from /opt/airflow/dags/airflow.py
[2025-10-07T04:22:33.774+0000] {processor.py:840} INFO - DAG(s) 'sms_spam_pipeline' retrieved from /opt/airflow/dags/airflow.py
[2025-10-07T04:22:33.815+0000] {logging_mixin.py:188} INFO - [2025-10-07T04:22:33.815+0000] {dag.py:3096} INFO - Sync 1 DAGs
[2025-10-07T04:22:33.844+0000] {logging_mixin.py:188} INFO - [2025-10-07T04:22:33.844+0000] {dag.py:3954} INFO - Setting next_dagrun for sms_spam_pipeline to 2025-10-06 00:00:00+00:00, run_after=2025-10-07 00:00:00+00:00
[2025-10-07T04:22:33.875+0000] {processor.py:183} INFO - Processing /opt/airflow/dags/airflow.py took 0.157 seconds
[2025-10-07T04:23:04.145+0000] {processor.py:161} INFO - Started process (PID=232) to work on /opt/airflow/dags/airflow.py
[2025-10-07T04:23:04.147+0000] {processor.py:830} INFO - Processing file /opt/airflow/dags/airflow.py for tasks to queue
[2025-10-07T04:23:04.151+0000] {logging_mixin.py:188} INFO - [2025-10-07T04:23:04.151+0000] {dagbag.py:545} INFO - Filling up the DagBag from /opt/airflow/dags/airflow.py
[2025-10-07T04:23:04.186+0000] {processor.py:840} INFO - DAG(s) 'sms_spam_pipeline' retrieved from /opt/airflow/dags/airflow.py
[2025-10-07T04:23:04.232+0000] {logging_mixin.py:188} INFO - [2025-10-07T04:23:04.232+0000] {dag.py:3096} INFO - Sync 1 DAGs
[2025-10-07T04:23:04.268+0000] {logging_mixin.py:188} INFO - [2025-10-07T04:23:04.267+0000] {dag.py:3954} INFO - Setting next_dagrun for sms_spam_pipeline to 2025-10-06 00:00:00+00:00, run_after=2025-10-07 00:00:00+00:00
[2025-10-07T04:23:04.311+0000] {processor.py:183} INFO - Processing /opt/airflow/dags/airflow.py took 0.178 seconds
[2025-10-07T04:23:34.566+0000] {processor.py:161} INFO - Started process (PID=237) to work on /opt/airflow/dags/airflow.py
[2025-10-07T04:23:34.568+0000] {processor.py:830} INFO - Processing file /opt/airflow/dags/airflow.py for tasks to queue
[2025-10-07T04:23:34.570+0000] {logging_mixin.py:188} INFO - [2025-10-07T04:23:34.570+0000] {dagbag.py:545} INFO - Filling up the DagBag from /opt/airflow/dags/airflow.py
[2025-10-07T04:23:34.598+0000] {processor.py:840} INFO - DAG(s) 'sms_spam_pipeline' retrieved from /opt/airflow/dags/airflow.py
[2025-10-07T04:23:34.640+0000] {logging_mixin.py:188} INFO - [2025-10-07T04:23:34.639+0000] {dag.py:3096} INFO - Sync 1 DAGs
[2025-10-07T04:23:34.666+0000] {logging_mixin.py:188} INFO - [2025-10-07T04:23:34.665+0000] {dag.py:3954} INFO - Setting next_dagrun for sms_spam_pipeline to 2025-10-06 00:00:00+00:00, run_after=2025-10-07 00:00:00+00:00
[2025-10-07T04:23:34.689+0000] {processor.py:183} INFO - Processing /opt/airflow/dags/airflow.py took 0.132 seconds
[2025-10-07T04:24:04.780+0000] {processor.py:161} INFO - Started process (PID=242) to work on /opt/airflow/dags/airflow.py
[2025-10-07T04:24:04.781+0000] {processor.py:830} INFO - Processing file /opt/airflow/dags/airflow.py for tasks to queue
[2025-10-07T04:24:04.784+0000] {logging_mixin.py:188} INFO - [2025-10-07T04:24:04.784+0000] {dagbag.py:545} INFO - Filling up the DagBag from /opt/airflow/dags/airflow.py
[2025-10-07T04:24:04.820+0000] {processor.py:840} INFO - DAG(s) 'sms_spam_pipeline' retrieved from /opt/airflow/dags/airflow.py
[2025-10-07T04:24:04.869+0000] {logging_mixin.py:188} INFO - [2025-10-07T04:24:04.869+0000] {dag.py:3096} INFO - Sync 1 DAGs
[2025-10-07T04:24:04.901+0000] {logging_mixin.py:188} INFO - [2025-10-07T04:24:04.900+0000] {dag.py:3954} INFO - Setting next_dagrun for sms_spam_pipeline to 2025-10-06 00:00:00+00:00, run_after=2025-10-07 00:00:00+00:00
[2025-10-07T04:24:04.931+0000] {processor.py:183} INFO - Processing /opt/airflow/dags/airflow.py took 0.159 seconds
[2025-10-07T04:24:35.124+0000] {processor.py:161} INFO - Started process (PID=247) to work on /opt/airflow/dags/airflow.py
[2025-10-07T04:24:35.125+0000] {processor.py:830} INFO - Processing file /opt/airflow/dags/airflow.py for tasks to queue
[2025-10-07T04:24:35.127+0000] {logging_mixin.py:188} INFO - [2025-10-07T04:24:35.127+0000] {dagbag.py:545} INFO - Filling up the DagBag from /opt/airflow/dags/airflow.py
[2025-10-07T04:24:35.159+0000] {processor.py:840} INFO - DAG(s) 'sms_spam_pipeline' retrieved from /opt/airflow/dags/airflow.py
[2025-10-07T04:24:35.198+0000] {logging_mixin.py:188} INFO - [2025-10-07T04:24:35.197+0000] {dag.py:3096} INFO - Sync 1 DAGs
[2025-10-07T04:24:35.222+0000] {logging_mixin.py:188} INFO - [2025-10-07T04:24:35.222+0000] {dag.py:3954} INFO - Setting next_dagrun for sms_spam_pipeline to 2025-10-06 00:00:00+00:00, run_after=2025-10-07 00:00:00+00:00
[2025-10-07T04:24:35.245+0000] {processor.py:183} INFO - Processing /opt/airflow/dags/airflow.py took 0.128 seconds
[2025-10-07T04:25:05.387+0000] {processor.py:161} INFO - Started process (PID=252) to work on /opt/airflow/dags/airflow.py
[2025-10-07T04:25:05.389+0000] {processor.py:830} INFO - Processing file /opt/airflow/dags/airflow.py for tasks to queue
[2025-10-07T04:25:05.392+0000] {logging_mixin.py:188} INFO - [2025-10-07T04:25:05.392+0000] {dagbag.py:545} INFO - Filling up the DagBag from /opt/airflow/dags/airflow.py
[2025-10-07T04:25:05.422+0000] {processor.py:840} INFO - DAG(s) 'sms_spam_pipeline' retrieved from /opt/airflow/dags/airflow.py
[2025-10-07T04:25:05.463+0000] {logging_mixin.py:188} INFO - [2025-10-07T04:25:05.463+0000] {dag.py:3096} INFO - Sync 1 DAGs
[2025-10-07T04:25:05.486+0000] {logging_mixin.py:188} INFO - [2025-10-07T04:25:05.485+0000] {dag.py:3954} INFO - Setting next_dagrun for sms_spam_pipeline to 2025-10-06 00:00:00+00:00, run_after=2025-10-07 00:00:00+00:00
[2025-10-07T04:25:05.512+0000] {processor.py:183} INFO - Processing /opt/airflow/dags/airflow.py took 0.133 seconds
[2025-10-07T04:25:35.704+0000] {processor.py:161} INFO - Started process (PID=257) to work on /opt/airflow/dags/airflow.py
[2025-10-07T04:25:35.706+0000] {processor.py:830} INFO - Processing file /opt/airflow/dags/airflow.py for tasks to queue
[2025-10-07T04:25:35.709+0000] {logging_mixin.py:188} INFO - [2025-10-07T04:25:35.708+0000] {dagbag.py:545} INFO - Filling up the DagBag from /opt/airflow/dags/airflow.py
[2025-10-07T04:25:35.738+0000] {processor.py:840} INFO - DAG(s) 'sms_spam_pipeline' retrieved from /opt/airflow/dags/airflow.py
[2025-10-07T04:25:35.783+0000] {logging_mixin.py:188} INFO - [2025-10-07T04:25:35.782+0000] {dag.py:3096} INFO - Sync 1 DAGs
[2025-10-07T04:25:35.813+0000] {logging_mixin.py:188} INFO - [2025-10-07T04:25:35.813+0000] {dag.py:3954} INFO - Setting next_dagrun for sms_spam_pipeline to 2025-10-06 00:00:00+00:00, run_after=2025-10-07 00:00:00+00:00
[2025-10-07T04:25:35.840+0000] {processor.py:183} INFO - Processing /opt/airflow/dags/airflow.py took 0.144 seconds
[2025-10-07T04:26:05.967+0000] {processor.py:161} INFO - Started process (PID=262) to work on /opt/airflow/dags/airflow.py
[2025-10-07T04:26:05.968+0000] {processor.py:830} INFO - Processing file /opt/airflow/dags/airflow.py for tasks to queue
[2025-10-07T04:26:05.971+0000] {logging_mixin.py:188} INFO - [2025-10-07T04:26:05.970+0000] {dagbag.py:545} INFO - Filling up the DagBag from /opt/airflow/dags/airflow.py
[2025-10-07T04:26:06.000+0000] {processor.py:840} INFO - DAG(s) 'sms_spam_pipeline' retrieved from /opt/airflow/dags/airflow.py
[2025-10-07T04:26:06.043+0000] {logging_mixin.py:188} INFO - [2025-10-07T04:26:06.043+0000] {dag.py:3096} INFO - Sync 1 DAGs
[2025-10-07T04:26:06.071+0000] {logging_mixin.py:188} INFO - [2025-10-07T04:26:06.071+0000] {dag.py:3954} INFO - Setting next_dagrun for sms_spam_pipeline to 2025-10-06 00:00:00+00:00, run_after=2025-10-07 00:00:00+00:00
[2025-10-07T04:26:06.096+0000] {processor.py:183} INFO - Processing /opt/airflow/dags/airflow.py took 0.137 seconds
[2025-10-07T04:26:36.295+0000] {processor.py:161} INFO - Started process (PID=267) to work on /opt/airflow/dags/airflow.py
[2025-10-07T04:26:36.296+0000] {processor.py:830} INFO - Processing file /opt/airflow/dags/airflow.py for tasks to queue
[2025-10-07T04:26:36.298+0000] {logging_mixin.py:188} INFO - [2025-10-07T04:26:36.298+0000] {dagbag.py:545} INFO - Filling up the DagBag from /opt/airflow/dags/airflow.py
[2025-10-07T04:26:36.327+0000] {processor.py:840} INFO - DAG(s) 'sms_spam_pipeline' retrieved from /opt/airflow/dags/airflow.py
[2025-10-07T04:26:36.347+0000] {logging_mixin.py:188} INFO - [2025-10-07T04:26:36.347+0000] {dag.py:3096} INFO - Sync 1 DAGs
[2025-10-07T04:26:36.373+0000] {logging_mixin.py:188} INFO - [2025-10-07T04:26:36.372+0000] {dag.py:3954} INFO - Setting next_dagrun for sms_spam_pipeline to 2025-10-06 00:00:00+00:00, run_after=2025-10-07 00:00:00+00:00
[2025-10-07T04:26:36.399+0000] {processor.py:183} INFO - Processing /opt/airflow/dags/airflow.py took 0.112 seconds
[2025-10-07T04:27:06.686+0000] {processor.py:161} INFO - Started process (PID=272) to work on /opt/airflow/dags/airflow.py
[2025-10-07T04:27:06.687+0000] {processor.py:830} INFO - Processing file /opt/airflow/dags/airflow.py for tasks to queue
[2025-10-07T04:27:06.689+0000] {logging_mixin.py:188} INFO - [2025-10-07T04:27:06.689+0000] {dagbag.py:545} INFO - Filling up the DagBag from /opt/airflow/dags/airflow.py
[2025-10-07T04:27:06.717+0000] {processor.py:840} INFO - DAG(s) 'sms_spam_pipeline' retrieved from /opt/airflow/dags/airflow.py
[2025-10-07T04:27:06.850+0000] {logging_mixin.py:188} INFO - [2025-10-07T04:27:06.850+0000] {dag.py:3096} INFO - Sync 1 DAGs
[2025-10-07T04:27:06.871+0000] {logging_mixin.py:188} INFO - [2025-10-07T04:27:06.871+0000] {dag.py:3954} INFO - Setting next_dagrun for sms_spam_pipeline to 2025-10-06 00:00:00+00:00, run_after=2025-10-07 00:00:00+00:00
[2025-10-07T04:27:06.897+0000] {processor.py:183} INFO - Processing /opt/airflow/dags/airflow.py took 0.219 seconds
[2025-10-07T04:27:48.654+0000] {processor.py:161} INFO - Started process (PID=172) to work on /opt/airflow/dags/airflow.py
[2025-10-07T04:27:48.655+0000] {processor.py:830} INFO - Processing file /opt/airflow/dags/airflow.py for tasks to queue
[2025-10-07T04:27:48.659+0000] {logging_mixin.py:188} INFO - [2025-10-07T04:27:48.658+0000] {dagbag.py:545} INFO - Filling up the DagBag from /opt/airflow/dags/airflow.py
[2025-10-07T04:27:48.713+0000] {processor.py:840} INFO - DAG(s) 'sms_spam_pipeline' retrieved from /opt/airflow/dags/airflow.py
[2025-10-07T04:27:48.751+0000] {logging_mixin.py:188} INFO - [2025-10-07T04:27:48.751+0000] {dag.py:3096} INFO - Sync 1 DAGs
[2025-10-07T04:27:48.781+0000] {logging_mixin.py:188} INFO - [2025-10-07T04:27:48.780+0000] {dag.py:3954} INFO - Setting next_dagrun for sms_spam_pipeline to 2025-10-06 00:00:00+00:00, run_after=2025-10-07 00:00:00+00:00
[2025-10-07T04:27:48.816+0000] {processor.py:183} INFO - Processing /opt/airflow/dags/airflow.py took 0.170 seconds
[2025-10-07T04:28:18.932+0000] {processor.py:161} INFO - Started process (PID=177) to work on /opt/airflow/dags/airflow.py
[2025-10-07T04:28:18.933+0000] {processor.py:830} INFO - Processing file /opt/airflow/dags/airflow.py for tasks to queue
[2025-10-07T04:28:18.936+0000] {logging_mixin.py:188} INFO - [2025-10-07T04:28:18.936+0000] {dagbag.py:545} INFO - Filling up the DagBag from /opt/airflow/dags/airflow.py
[2025-10-07T04:28:18.967+0000] {processor.py:840} INFO - DAG(s) 'sms_spam_pipeline' retrieved from /opt/airflow/dags/airflow.py
[2025-10-07T04:28:19.216+0000] {logging_mixin.py:188} INFO - [2025-10-07T04:28:19.216+0000] {dag.py:3096} INFO - Sync 1 DAGs
[2025-10-07T04:28:19.238+0000] {logging_mixin.py:188} INFO - [2025-10-07T04:28:19.238+0000] {dag.py:3954} INFO - Setting next_dagrun for sms_spam_pipeline to 2025-10-06 00:00:00+00:00, run_after=2025-10-07 00:00:00+00:00
[2025-10-07T04:28:19.265+0000] {processor.py:183} INFO - Processing /opt/airflow/dags/airflow.py took 0.341 seconds
[2025-10-07T04:28:49.519+0000] {processor.py:161} INFO - Started process (PID=182) to work on /opt/airflow/dags/airflow.py
[2025-10-07T04:28:49.523+0000] {processor.py:830} INFO - Processing file /opt/airflow/dags/airflow.py for tasks to queue
[2025-10-07T04:28:49.528+0000] {logging_mixin.py:188} INFO - [2025-10-07T04:28:49.527+0000] {dagbag.py:545} INFO - Filling up the DagBag from /opt/airflow/dags/airflow.py
[2025-10-07T04:28:49.561+0000] {processor.py:840} INFO - DAG(s) 'sms_spam_pipeline' retrieved from /opt/airflow/dags/airflow.py
[2025-10-07T04:28:49.612+0000] {logging_mixin.py:188} INFO - [2025-10-07T04:28:49.611+0000] {dag.py:3096} INFO - Sync 1 DAGs
[2025-10-07T04:28:49.640+0000] {logging_mixin.py:188} INFO - [2025-10-07T04:28:49.639+0000] {dag.py:3954} INFO - Setting next_dagrun for sms_spam_pipeline to 2025-10-06 00:00:00+00:00, run_after=2025-10-07 00:00:00+00:00
[2025-10-07T04:28:49.667+0000] {processor.py:183} INFO - Processing /opt/airflow/dags/airflow.py took 0.158 seconds
[2025-10-07T04:29:19.896+0000] {processor.py:161} INFO - Started process (PID=187) to work on /opt/airflow/dags/airflow.py
[2025-10-07T04:29:19.898+0000] {processor.py:830} INFO - Processing file /opt/airflow/dags/airflow.py for tasks to queue
[2025-10-07T04:29:19.900+0000] {logging_mixin.py:188} INFO - [2025-10-07T04:29:19.900+0000] {dagbag.py:545} INFO - Filling up the DagBag from /opt/airflow/dags/airflow.py
[2025-10-07T04:29:19.933+0000] {processor.py:840} INFO - DAG(s) 'sms_spam_pipeline' retrieved from /opt/airflow/dags/airflow.py
[2025-10-07T04:29:19.973+0000] {logging_mixin.py:188} INFO - [2025-10-07T04:29:19.973+0000] {dag.py:3096} INFO - Sync 1 DAGs
[2025-10-07T04:29:19.999+0000] {logging_mixin.py:188} INFO - [2025-10-07T04:29:19.998+0000] {dag.py:3954} INFO - Setting next_dagrun for sms_spam_pipeline to 2025-10-06 00:00:00+00:00, run_after=2025-10-07 00:00:00+00:00
[2025-10-07T04:29:20.022+0000] {processor.py:183} INFO - Processing /opt/airflow/dags/airflow.py took 0.133 seconds
[2025-10-07T04:29:50.111+0000] {processor.py:161} INFO - Started process (PID=211) to work on /opt/airflow/dags/airflow.py
[2025-10-07T04:29:50.112+0000] {processor.py:830} INFO - Processing file /opt/airflow/dags/airflow.py for tasks to queue
[2025-10-07T04:29:50.115+0000] {logging_mixin.py:188} INFO - [2025-10-07T04:29:50.114+0000] {dagbag.py:545} INFO - Filling up the DagBag from /opt/airflow/dags/airflow.py
[2025-10-07T04:29:50.144+0000] {processor.py:840} INFO - DAG(s) 'sms_spam_pipeline' retrieved from /opt/airflow/dags/airflow.py
[2025-10-07T04:29:50.182+0000] {logging_mixin.py:188} INFO - [2025-10-07T04:29:50.182+0000] {dag.py:3096} INFO - Sync 1 DAGs
[2025-10-07T04:29:50.204+0000] {logging_mixin.py:188} INFO - [2025-10-07T04:29:50.204+0000] {dag.py:3954} INFO - Setting next_dagrun for sms_spam_pipeline to 2025-10-07 00:00:00+00:00, run_after=2025-10-08 00:00:00+00:00
[2025-10-07T04:29:50.229+0000] {processor.py:183} INFO - Processing /opt/airflow/dags/airflow.py took 0.126 seconds
[2025-10-07T04:30:20.563+0000] {processor.py:161} INFO - Started process (PID=354) to work on /opt/airflow/dags/airflow.py
[2025-10-07T04:30:20.564+0000] {processor.py:830} INFO - Processing file /opt/airflow/dags/airflow.py for tasks to queue
[2025-10-07T04:30:20.568+0000] {logging_mixin.py:188} INFO - [2025-10-07T04:30:20.567+0000] {dagbag.py:545} INFO - Filling up the DagBag from /opt/airflow/dags/airflow.py
[2025-10-07T04:30:20.598+0000] {processor.py:840} INFO - DAG(s) 'sms_spam_pipeline' retrieved from /opt/airflow/dags/airflow.py
[2025-10-07T04:30:20.640+0000] {logging_mixin.py:188} INFO - [2025-10-07T04:30:20.640+0000] {dag.py:3096} INFO - Sync 1 DAGs
[2025-10-07T04:30:20.667+0000] {logging_mixin.py:188} INFO - [2025-10-07T04:30:20.667+0000] {dag.py:3954} INFO - Setting next_dagrun for sms_spam_pipeline to 2025-10-07 00:00:00+00:00, run_after=2025-10-08 00:00:00+00:00
[2025-10-07T04:30:20.701+0000] {processor.py:183} INFO - Processing /opt/airflow/dags/airflow.py took 0.147 seconds
[2025-10-07T04:30:50.796+0000] {processor.py:161} INFO - Started process (PID=359) to work on /opt/airflow/dags/airflow.py
[2025-10-07T04:30:50.797+0000] {processor.py:830} INFO - Processing file /opt/airflow/dags/airflow.py for tasks to queue
[2025-10-07T04:30:50.800+0000] {logging_mixin.py:188} INFO - [2025-10-07T04:30:50.800+0000] {dagbag.py:545} INFO - Filling up the DagBag from /opt/airflow/dags/airflow.py
[2025-10-07T04:30:50.828+0000] {processor.py:840} INFO - DAG(s) 'sms_spam_pipeline' retrieved from /opt/airflow/dags/airflow.py
[2025-10-07T04:30:50.868+0000] {logging_mixin.py:188} INFO - [2025-10-07T04:30:50.868+0000] {dag.py:3096} INFO - Sync 1 DAGs
[2025-10-07T04:30:50.895+0000] {logging_mixin.py:188} INFO - [2025-10-07T04:30:50.894+0000] {dag.py:3954} INFO - Setting next_dagrun for sms_spam_pipeline to 2025-10-07 00:00:00+00:00, run_after=2025-10-08 00:00:00+00:00
[2025-10-07T04:30:50.920+0000] {processor.py:183} INFO - Processing /opt/airflow/dags/airflow.py took 0.132 seconds
[2025-10-07T04:31:21.149+0000] {processor.py:161} INFO - Started process (PID=364) to work on /opt/airflow/dags/airflow.py
[2025-10-07T04:31:21.150+0000] {processor.py:830} INFO - Processing file /opt/airflow/dags/airflow.py for tasks to queue
[2025-10-07T04:31:21.153+0000] {logging_mixin.py:188} INFO - [2025-10-07T04:31:21.152+0000] {dagbag.py:545} INFO - Filling up the DagBag from /opt/airflow/dags/airflow.py
[2025-10-07T04:31:21.183+0000] {processor.py:840} INFO - DAG(s) 'sms_spam_pipeline' retrieved from /opt/airflow/dags/airflow.py
[2025-10-07T04:31:21.225+0000] {logging_mixin.py:188} INFO - [2025-10-07T04:31:21.224+0000] {dag.py:3096} INFO - Sync 1 DAGs
[2025-10-07T04:31:21.252+0000] {logging_mixin.py:188} INFO - [2025-10-07T04:31:21.252+0000] {dag.py:3954} INFO - Setting next_dagrun for sms_spam_pipeline to 2025-10-07 00:00:00+00:00, run_after=2025-10-08 00:00:00+00:00
[2025-10-07T04:31:21.280+0000] {processor.py:183} INFO - Processing /opt/airflow/dags/airflow.py took 0.139 seconds
[2025-10-07T04:31:51.391+0000] {processor.py:161} INFO - Started process (PID=369) to work on /opt/airflow/dags/airflow.py
[2025-10-07T04:31:51.393+0000] {processor.py:830} INFO - Processing file /opt/airflow/dags/airflow.py for tasks to queue
[2025-10-07T04:31:51.395+0000] {logging_mixin.py:188} INFO - [2025-10-07T04:31:51.395+0000] {dagbag.py:545} INFO - Filling up the DagBag from /opt/airflow/dags/airflow.py
[2025-10-07T04:31:51.436+0000] {processor.py:840} INFO - DAG(s) 'sms_spam_pipeline' retrieved from /opt/airflow/dags/airflow.py
[2025-10-07T04:31:51.497+0000] {logging_mixin.py:188} INFO - [2025-10-07T04:31:51.497+0000] {dag.py:3096} INFO - Sync 1 DAGs
[2025-10-07T04:31:51.532+0000] {logging_mixin.py:188} INFO - [2025-10-07T04:31:51.531+0000] {dag.py:3954} INFO - Setting next_dagrun for sms_spam_pipeline to 2025-10-07 00:00:00+00:00, run_after=2025-10-08 00:00:00+00:00
[2025-10-07T04:31:51.559+0000] {processor.py:183} INFO - Processing /opt/airflow/dags/airflow.py took 0.175 seconds
[2025-10-07T04:32:21.708+0000] {processor.py:161} INFO - Started process (PID=374) to work on /opt/airflow/dags/airflow.py
[2025-10-07T04:32:21.710+0000] {processor.py:830} INFO - Processing file /opt/airflow/dags/airflow.py for tasks to queue
[2025-10-07T04:32:21.713+0000] {logging_mixin.py:188} INFO - [2025-10-07T04:32:21.712+0000] {dagbag.py:545} INFO - Filling up the DagBag from /opt/airflow/dags/airflow.py
[2025-10-07T04:32:21.746+0000] {processor.py:840} INFO - DAG(s) 'sms_spam_pipeline' retrieved from /opt/airflow/dags/airflow.py
[2025-10-07T04:32:21.785+0000] {logging_mixin.py:188} INFO - [2025-10-07T04:32:21.784+0000] {dag.py:3096} INFO - Sync 1 DAGs
[2025-10-07T04:32:21.810+0000] {logging_mixin.py:188} INFO - [2025-10-07T04:32:21.809+0000] {dag.py:3954} INFO - Setting next_dagrun for sms_spam_pipeline to 2025-10-07 00:00:00+00:00, run_after=2025-10-08 00:00:00+00:00
[2025-10-07T04:32:21.835+0000] {processor.py:183} INFO - Processing /opt/airflow/dags/airflow.py took 0.136 seconds
[2025-10-07T04:32:52.126+0000] {processor.py:161} INFO - Started process (PID=379) to work on /opt/airflow/dags/airflow.py
[2025-10-07T04:32:52.127+0000] {processor.py:830} INFO - Processing file /opt/airflow/dags/airflow.py for tasks to queue
[2025-10-07T04:32:52.130+0000] {logging_mixin.py:188} INFO - [2025-10-07T04:32:52.129+0000] {dagbag.py:545} INFO - Filling up the DagBag from /opt/airflow/dags/airflow.py
[2025-10-07T04:32:52.162+0000] {processor.py:840} INFO - DAG(s) 'sms_spam_pipeline' retrieved from /opt/airflow/dags/airflow.py
[2025-10-07T04:32:52.199+0000] {logging_mixin.py:188} INFO - [2025-10-07T04:32:52.199+0000] {dag.py:3096} INFO - Sync 1 DAGs
[2025-10-07T04:32:52.227+0000] {logging_mixin.py:188} INFO - [2025-10-07T04:32:52.227+0000] {dag.py:3954} INFO - Setting next_dagrun for sms_spam_pipeline to 2025-10-07 00:00:00+00:00, run_after=2025-10-08 00:00:00+00:00
[2025-10-07T04:32:52.255+0000] {processor.py:183} INFO - Processing /opt/airflow/dags/airflow.py took 0.136 seconds
[2025-10-07T04:33:22.345+0000] {processor.py:161} INFO - Started process (PID=384) to work on /opt/airflow/dags/airflow.py
[2025-10-07T04:33:22.346+0000] {processor.py:830} INFO - Processing file /opt/airflow/dags/airflow.py for tasks to queue
[2025-10-07T04:33:22.349+0000] {logging_mixin.py:188} INFO - [2025-10-07T04:33:22.348+0000] {dagbag.py:545} INFO - Filling up the DagBag from /opt/airflow/dags/airflow.py
[2025-10-07T04:33:22.378+0000] {processor.py:840} INFO - DAG(s) 'sms_spam_pipeline' retrieved from /opt/airflow/dags/airflow.py
[2025-10-07T04:33:22.419+0000] {logging_mixin.py:188} INFO - [2025-10-07T04:33:22.419+0000] {dag.py:3096} INFO - Sync 1 DAGs
[2025-10-07T04:33:22.445+0000] {logging_mixin.py:188} INFO - [2025-10-07T04:33:22.444+0000] {dag.py:3954} INFO - Setting next_dagrun for sms_spam_pipeline to 2025-10-07 00:00:00+00:00, run_after=2025-10-08 00:00:00+00:00
[2025-10-07T04:33:22.466+0000] {processor.py:183} INFO - Processing /opt/airflow/dags/airflow.py took 0.128 seconds
[2025-10-07T04:33:52.706+0000] {processor.py:161} INFO - Started process (PID=389) to work on /opt/airflow/dags/airflow.py
[2025-10-07T04:33:52.708+0000] {processor.py:830} INFO - Processing file /opt/airflow/dags/airflow.py for tasks to queue
[2025-10-07T04:33:52.712+0000] {logging_mixin.py:188} INFO - [2025-10-07T04:33:52.712+0000] {dagbag.py:545} INFO - Filling up the DagBag from /opt/airflow/dags/airflow.py
[2025-10-07T04:33:52.757+0000] {processor.py:840} INFO - DAG(s) 'sms_spam_pipeline' retrieved from /opt/airflow/dags/airflow.py
[2025-10-07T04:33:52.802+0000] {logging_mixin.py:188} INFO - [2025-10-07T04:33:52.801+0000] {dag.py:3096} INFO - Sync 1 DAGs
[2025-10-07T04:33:52.833+0000] {logging_mixin.py:188} INFO - [2025-10-07T04:33:52.832+0000] {dag.py:3954} INFO - Setting next_dagrun for sms_spam_pipeline to 2025-10-07 00:00:00+00:00, run_after=2025-10-08 00:00:00+00:00
[2025-10-07T04:33:52.868+0000] {processor.py:183} INFO - Processing /opt/airflow/dags/airflow.py took 0.169 seconds
[2025-10-07T04:34:23.123+0000] {processor.py:161} INFO - Started process (PID=394) to work on /opt/airflow/dags/airflow.py
[2025-10-07T04:34:23.124+0000] {processor.py:830} INFO - Processing file /opt/airflow/dags/airflow.py for tasks to queue
[2025-10-07T04:34:23.127+0000] {logging_mixin.py:188} INFO - [2025-10-07T04:34:23.127+0000] {dagbag.py:545} INFO - Filling up the DagBag from /opt/airflow/dags/airflow.py
[2025-10-07T04:34:23.161+0000] {processor.py:840} INFO - DAG(s) 'sms_spam_pipeline' retrieved from /opt/airflow/dags/airflow.py
[2025-10-07T04:34:23.205+0000] {logging_mixin.py:188} INFO - [2025-10-07T04:34:23.204+0000] {dag.py:3096} INFO - Sync 1 DAGs
[2025-10-07T04:34:23.231+0000] {logging_mixin.py:188} INFO - [2025-10-07T04:34:23.231+0000] {dag.py:3954} INFO - Setting next_dagrun for sms_spam_pipeline to 2025-10-07 00:00:00+00:00, run_after=2025-10-08 00:00:00+00:00
[2025-10-07T04:34:23.257+0000] {processor.py:183} INFO - Processing /opt/airflow/dags/airflow.py took 0.143 seconds
[2025-10-07T04:34:53.349+0000] {processor.py:161} INFO - Started process (PID=418) to work on /opt/airflow/dags/airflow.py
[2025-10-07T04:34:53.350+0000] {processor.py:830} INFO - Processing file /opt/airflow/dags/airflow.py for tasks to queue
[2025-10-07T04:34:53.353+0000] {logging_mixin.py:188} INFO - [2025-10-07T04:34:53.353+0000] {dagbag.py:545} INFO - Filling up the DagBag from /opt/airflow/dags/airflow.py
[2025-10-07T04:34:53.385+0000] {processor.py:840} INFO - DAG(s) 'sms_spam_pipeline' retrieved from /opt/airflow/dags/airflow.py
[2025-10-07T04:34:53.435+0000] {logging_mixin.py:188} INFO - [2025-10-07T04:34:53.435+0000] {dag.py:3096} INFO - Sync 1 DAGs
[2025-10-07T04:34:53.468+0000] {logging_mixin.py:188} INFO - [2025-10-07T04:34:53.467+0000] {dag.py:3954} INFO - Setting next_dagrun for sms_spam_pipeline to 2025-10-07 00:00:00+00:00, run_after=2025-10-08 00:00:00+00:00
[2025-10-07T04:34:53.499+0000] {processor.py:183} INFO - Processing /opt/airflow/dags/airflow.py took 0.160 seconds
[2025-10-07T04:35:23.726+0000] {processor.py:161} INFO - Started process (PID=561) to work on /opt/airflow/dags/airflow.py
[2025-10-07T04:35:23.727+0000] {processor.py:830} INFO - Processing file /opt/airflow/dags/airflow.py for tasks to queue
[2025-10-07T04:35:23.730+0000] {logging_mixin.py:188} INFO - [2025-10-07T04:35:23.729+0000] {dagbag.py:545} INFO - Filling up the DagBag from /opt/airflow/dags/airflow.py
[2025-10-07T04:35:23.758+0000] {processor.py:840} INFO - DAG(s) 'sms_spam_pipeline' retrieved from /opt/airflow/dags/airflow.py
[2025-10-07T04:35:23.797+0000] {logging_mixin.py:188} INFO - [2025-10-07T04:35:23.797+0000] {dag.py:3096} INFO - Sync 1 DAGs
[2025-10-07T04:35:23.822+0000] {logging_mixin.py:188} INFO - [2025-10-07T04:35:23.822+0000] {dag.py:3954} INFO - Setting next_dagrun for sms_spam_pipeline to 2025-10-07 00:00:00+00:00, run_after=2025-10-08 00:00:00+00:00
[2025-10-07T04:35:23.853+0000] {processor.py:183} INFO - Processing /opt/airflow/dags/airflow.py took 0.135 seconds
[2025-10-07T04:35:53.965+0000] {processor.py:161} INFO - Started process (PID=566) to work on /opt/airflow/dags/airflow.py
[2025-10-07T04:35:53.966+0000] {processor.py:830} INFO - Processing file /opt/airflow/dags/airflow.py for tasks to queue
[2025-10-07T04:35:53.969+0000] {logging_mixin.py:188} INFO - [2025-10-07T04:35:53.969+0000] {dagbag.py:545} INFO - Filling up the DagBag from /opt/airflow/dags/airflow.py
[2025-10-07T04:35:53.997+0000] {processor.py:840} INFO - DAG(s) 'sms_spam_pipeline' retrieved from /opt/airflow/dags/airflow.py
[2025-10-07T04:35:54.038+0000] {logging_mixin.py:188} INFO - [2025-10-07T04:35:54.038+0000] {dag.py:3096} INFO - Sync 1 DAGs
[2025-10-07T04:35:54.065+0000] {logging_mixin.py:188} INFO - [2025-10-07T04:35:54.065+0000] {dag.py:3954} INFO - Setting next_dagrun for sms_spam_pipeline to 2025-10-07 00:00:00+00:00, run_after=2025-10-08 00:00:00+00:00
[2025-10-07T04:35:54.095+0000] {processor.py:183} INFO - Processing /opt/airflow/dags/airflow.py took 0.138 seconds
[2025-10-07T04:36:24.283+0000] {processor.py:161} INFO - Started process (PID=571) to work on /opt/airflow/dags/airflow.py
[2025-10-07T04:36:24.285+0000] {processor.py:830} INFO - Processing file /opt/airflow/dags/airflow.py for tasks to queue
[2025-10-07T04:36:24.288+0000] {logging_mixin.py:188} INFO - [2025-10-07T04:36:24.288+0000] {dagbag.py:545} INFO - Filling up the DagBag from /opt/airflow/dags/airflow.py
[2025-10-07T04:36:24.321+0000] {processor.py:840} INFO - DAG(s) 'sms_spam_pipeline' retrieved from /opt/airflow/dags/airflow.py
[2025-10-07T04:36:24.369+0000] {logging_mixin.py:188} INFO - [2025-10-07T04:36:24.369+0000] {dag.py:3096} INFO - Sync 1 DAGs
[2025-10-07T04:36:24.400+0000] {logging_mixin.py:188} INFO - [2025-10-07T04:36:24.400+0000] {dag.py:3954} INFO - Setting next_dagrun for sms_spam_pipeline to 2025-10-07 00:00:00+00:00, run_after=2025-10-08 00:00:00+00:00
[2025-10-07T04:36:24.430+0000] {processor.py:183} INFO - Processing /opt/airflow/dags/airflow.py took 0.159 seconds
[2025-10-07T04:36:54.539+0000] {processor.py:161} INFO - Started process (PID=576) to work on /opt/airflow/dags/airflow.py
[2025-10-07T04:36:54.540+0000] {processor.py:830} INFO - Processing file /opt/airflow/dags/airflow.py for tasks to queue
[2025-10-07T04:36:54.544+0000] {logging_mixin.py:188} INFO - [2025-10-07T04:36:54.543+0000] {dagbag.py:545} INFO - Filling up the DagBag from /opt/airflow/dags/airflow.py
[2025-10-07T04:36:54.579+0000] {processor.py:840} INFO - DAG(s) 'sms_spam_pipeline' retrieved from /opt/airflow/dags/airflow.py
[2025-10-07T04:36:54.622+0000] {logging_mixin.py:188} INFO - [2025-10-07T04:36:54.622+0000] {dag.py:3096} INFO - Sync 1 DAGs
[2025-10-07T04:36:54.649+0000] {logging_mixin.py:188} INFO - [2025-10-07T04:36:54.648+0000] {dag.py:3954} INFO - Setting next_dagrun for sms_spam_pipeline to 2025-10-07 00:00:00+00:00, run_after=2025-10-08 00:00:00+00:00
[2025-10-07T04:36:54.676+0000] {processor.py:183} INFO - Processing /opt/airflow/dags/airflow.py took 0.145 seconds
[2025-10-07T04:37:24.866+0000] {processor.py:161} INFO - Started process (PID=581) to work on /opt/airflow/dags/airflow.py
[2025-10-07T04:37:24.868+0000] {processor.py:830} INFO - Processing file /opt/airflow/dags/airflow.py for tasks to queue
[2025-10-07T04:37:24.870+0000] {logging_mixin.py:188} INFO - [2025-10-07T04:37:24.870+0000] {dagbag.py:545} INFO - Filling up the DagBag from /opt/airflow/dags/airflow.py
[2025-10-07T04:37:24.902+0000] {processor.py:840} INFO - DAG(s) 'sms_spam_pipeline' retrieved from /opt/airflow/dags/airflow.py
[2025-10-07T04:37:24.939+0000] {logging_mixin.py:188} INFO - [2025-10-07T04:37:24.938+0000] {dag.py:3096} INFO - Sync 1 DAGs
[2025-10-07T04:37:24.963+0000] {logging_mixin.py:188} INFO - [2025-10-07T04:37:24.963+0000] {dag.py:3954} INFO - Setting next_dagrun for sms_spam_pipeline to 2025-10-07 00:00:00+00:00, run_after=2025-10-08 00:00:00+00:00
[2025-10-07T04:37:24.988+0000] {processor.py:183} INFO - Processing /opt/airflow/dags/airflow.py took 0.130 seconds
[2025-10-07T04:37:55.265+0000] {processor.py:161} INFO - Started process (PID=586) to work on /opt/airflow/dags/airflow.py
[2025-10-07T04:37:55.267+0000] {processor.py:830} INFO - Processing file /opt/airflow/dags/airflow.py for tasks to queue
[2025-10-07T04:37:55.269+0000] {logging_mixin.py:188} INFO - [2025-10-07T04:37:55.269+0000] {dagbag.py:545} INFO - Filling up the DagBag from /opt/airflow/dags/airflow.py
[2025-10-07T04:37:55.298+0000] {processor.py:840} INFO - DAG(s) 'sms_spam_pipeline' retrieved from /opt/airflow/dags/airflow.py
[2025-10-07T04:37:55.334+0000] {logging_mixin.py:188} INFO - [2025-10-07T04:37:55.334+0000] {dag.py:3096} INFO - Sync 1 DAGs
[2025-10-07T04:37:55.360+0000] {logging_mixin.py:188} INFO - [2025-10-07T04:37:55.360+0000] {dag.py:3954} INFO - Setting next_dagrun for sms_spam_pipeline to 2025-10-07 00:00:00+00:00, run_after=2025-10-08 00:00:00+00:00
[2025-10-07T04:37:55.384+0000] {processor.py:183} INFO - Processing /opt/airflow/dags/airflow.py took 0.125 seconds
[2025-10-07T04:38:25.489+0000] {processor.py:161} INFO - Started process (PID=591) to work on /opt/airflow/dags/airflow.py
[2025-10-07T04:38:25.490+0000] {processor.py:830} INFO - Processing file /opt/airflow/dags/airflow.py for tasks to queue
[2025-10-07T04:38:25.493+0000] {logging_mixin.py:188} INFO - [2025-10-07T04:38:25.493+0000] {dagbag.py:545} INFO - Filling up the DagBag from /opt/airflow/dags/airflow.py
[2025-10-07T04:38:25.523+0000] {processor.py:840} INFO - DAG(s) 'sms_spam_pipeline' retrieved from /opt/airflow/dags/airflow.py
[2025-10-07T04:38:25.562+0000] {logging_mixin.py:188} INFO - [2025-10-07T04:38:25.562+0000] {dag.py:3096} INFO - Sync 1 DAGs
[2025-10-07T04:38:25.589+0000] {logging_mixin.py:188} INFO - [2025-10-07T04:38:25.589+0000] {dag.py:3954} INFO - Setting next_dagrun for sms_spam_pipeline to 2025-10-07 00:00:00+00:00, run_after=2025-10-08 00:00:00+00:00
[2025-10-07T04:38:25.613+0000] {processor.py:183} INFO - Processing /opt/airflow/dags/airflow.py took 0.132 seconds
[2025-10-07T04:38:55.838+0000] {processor.py:161} INFO - Started process (PID=596) to work on /opt/airflow/dags/airflow.py
[2025-10-07T04:38:55.839+0000] {processor.py:830} INFO - Processing file /opt/airflow/dags/airflow.py for tasks to queue
[2025-10-07T04:38:55.842+0000] {logging_mixin.py:188} INFO - [2025-10-07T04:38:55.841+0000] {dagbag.py:545} INFO - Filling up the DagBag from /opt/airflow/dags/airflow.py
[2025-10-07T04:38:55.869+0000] {processor.py:840} INFO - DAG(s) 'sms_spam_pipeline' retrieved from /opt/airflow/dags/airflow.py
[2025-10-07T04:38:55.907+0000] {logging_mixin.py:188} INFO - [2025-10-07T04:38:55.907+0000] {dag.py:3096} INFO - Sync 1 DAGs
[2025-10-07T04:38:55.930+0000] {logging_mixin.py:188} INFO - [2025-10-07T04:38:55.930+0000] {dag.py:3954} INFO - Setting next_dagrun for sms_spam_pipeline to 2025-10-07 00:00:00+00:00, run_after=2025-10-08 00:00:00+00:00
[2025-10-07T04:38:55.956+0000] {processor.py:183} INFO - Processing /opt/airflow/dags/airflow.py took 0.124 seconds
[2025-10-07T04:39:26.063+0000] {processor.py:161} INFO - Started process (PID=601) to work on /opt/airflow/dags/airflow.py
[2025-10-07T04:39:26.065+0000] {processor.py:830} INFO - Processing file /opt/airflow/dags/airflow.py for tasks to queue
[2025-10-07T04:39:26.067+0000] {logging_mixin.py:188} INFO - [2025-10-07T04:39:26.067+0000] {dagbag.py:545} INFO - Filling up the DagBag from /opt/airflow/dags/airflow.py
[2025-10-07T04:39:26.097+0000] {processor.py:840} INFO - DAG(s) 'sms_spam_pipeline' retrieved from /opt/airflow/dags/airflow.py
[2025-10-07T04:39:26.136+0000] {logging_mixin.py:188} INFO - [2025-10-07T04:39:26.136+0000] {dag.py:3096} INFO - Sync 1 DAGs
[2025-10-07T04:39:26.163+0000] {logging_mixin.py:188} INFO - [2025-10-07T04:39:26.163+0000] {dag.py:3954} INFO - Setting next_dagrun for sms_spam_pipeline to 2025-10-07 00:00:00+00:00, run_after=2025-10-08 00:00:00+00:00
[2025-10-07T04:39:26.190+0000] {processor.py:183} INFO - Processing /opt/airflow/dags/airflow.py took 0.135 seconds
[2025-10-07T04:39:56.388+0000] {processor.py:161} INFO - Started process (PID=606) to work on /opt/airflow/dags/airflow.py
[2025-10-07T04:39:56.389+0000] {processor.py:830} INFO - Processing file /opt/airflow/dags/airflow.py for tasks to queue
[2025-10-07T04:39:56.392+0000] {logging_mixin.py:188} INFO - [2025-10-07T04:39:56.392+0000] {dagbag.py:545} INFO - Filling up the DagBag from /opt/airflow/dags/airflow.py
[2025-10-07T04:39:56.425+0000] {processor.py:840} INFO - DAG(s) 'sms_spam_pipeline' retrieved from /opt/airflow/dags/airflow.py
[2025-10-07T04:39:56.465+0000] {logging_mixin.py:188} INFO - [2025-10-07T04:39:56.465+0000] {dag.py:3096} INFO - Sync 1 DAGs
[2025-10-07T04:39:56.494+0000] {logging_mixin.py:188} INFO - [2025-10-07T04:39:56.494+0000] {dag.py:3954} INFO - Setting next_dagrun for sms_spam_pipeline to 2025-10-07 00:00:00+00:00, run_after=2025-10-08 00:00:00+00:00
[2025-10-07T04:39:56.520+0000] {processor.py:183} INFO - Processing /opt/airflow/dags/airflow.py took 0.140 seconds
[2025-10-07T04:40:26.643+0000] {processor.py:161} INFO - Started process (PID=611) to work on /opt/airflow/dags/airflow.py
[2025-10-07T04:40:26.644+0000] {processor.py:830} INFO - Processing file /opt/airflow/dags/airflow.py for tasks to queue
[2025-10-07T04:40:26.648+0000] {logging_mixin.py:188} INFO - [2025-10-07T04:40:26.647+0000] {dagbag.py:545} INFO - Filling up the DagBag from /opt/airflow/dags/airflow.py
[2025-10-07T04:40:26.681+0000] {processor.py:840} INFO - DAG(s) 'sms_spam_pipeline' retrieved from /opt/airflow/dags/airflow.py
[2025-10-07T04:40:26.726+0000] {logging_mixin.py:188} INFO - [2025-10-07T04:40:26.726+0000] {dag.py:3096} INFO - Sync 1 DAGs
[2025-10-07T04:40:26.754+0000] {logging_mixin.py:188} INFO - [2025-10-07T04:40:26.754+0000] {dag.py:3954} INFO - Setting next_dagrun for sms_spam_pipeline to 2025-10-07 00:00:00+00:00, run_after=2025-10-08 00:00:00+00:00
[2025-10-07T04:40:26.780+0000] {processor.py:183} INFO - Processing /opt/airflow/dags/airflow.py took 0.146 seconds
[2025-10-07T04:40:56.951+0000] {processor.py:161} INFO - Started process (PID=616) to work on /opt/airflow/dags/airflow.py
[2025-10-07T04:40:56.952+0000] {processor.py:830} INFO - Processing file /opt/airflow/dags/airflow.py for tasks to queue
[2025-10-07T04:40:56.955+0000] {logging_mixin.py:188} INFO - [2025-10-07T04:40:56.955+0000] {dagbag.py:545} INFO - Filling up the DagBag from /opt/airflow/dags/airflow.py
[2025-10-07T04:40:56.983+0000] {processor.py:840} INFO - DAG(s) 'sms_spam_pipeline' retrieved from /opt/airflow/dags/airflow.py
[2025-10-07T04:40:57.020+0000] {logging_mixin.py:188} INFO - [2025-10-07T04:40:57.020+0000] {dag.py:3096} INFO - Sync 1 DAGs
[2025-10-07T04:40:57.044+0000] {logging_mixin.py:188} INFO - [2025-10-07T04:40:57.044+0000] {dag.py:3954} INFO - Setting next_dagrun for sms_spam_pipeline to 2025-10-07 00:00:00+00:00, run_after=2025-10-08 00:00:00+00:00
[2025-10-07T04:40:57.068+0000] {processor.py:183} INFO - Processing /opt/airflow/dags/airflow.py took 0.125 seconds
[2025-10-07T04:41:27.206+0000] {processor.py:161} INFO - Started process (PID=621) to work on /opt/airflow/dags/airflow.py
[2025-10-07T04:41:27.207+0000] {processor.py:830} INFO - Processing file /opt/airflow/dags/airflow.py for tasks to queue
[2025-10-07T04:41:27.210+0000] {logging_mixin.py:188} INFO - [2025-10-07T04:41:27.210+0000] {dagbag.py:545} INFO - Filling up the DagBag from /opt/airflow/dags/airflow.py
[2025-10-07T04:41:27.241+0000] {processor.py:840} INFO - DAG(s) 'sms_spam_pipeline' retrieved from /opt/airflow/dags/airflow.py
[2025-10-07T04:41:27.287+0000] {logging_mixin.py:188} INFO - [2025-10-07T04:41:27.287+0000] {dag.py:3096} INFO - Sync 1 DAGs
[2025-10-07T04:41:27.314+0000] {logging_mixin.py:188} INFO - [2025-10-07T04:41:27.314+0000] {dag.py:3954} INFO - Setting next_dagrun for sms_spam_pipeline to 2025-10-07 00:00:00+00:00, run_after=2025-10-08 00:00:00+00:00
[2025-10-07T04:41:27.343+0000] {processor.py:183} INFO - Processing /opt/airflow/dags/airflow.py took 0.145 seconds
[2025-10-07T04:41:57.497+0000] {processor.py:161} INFO - Started process (PID=626) to work on /opt/airflow/dags/airflow.py
[2025-10-07T04:41:57.499+0000] {processor.py:830} INFO - Processing file /opt/airflow/dags/airflow.py for tasks to queue
[2025-10-07T04:41:57.501+0000] {logging_mixin.py:188} INFO - [2025-10-07T04:41:57.501+0000] {dagbag.py:545} INFO - Filling up the DagBag from /opt/airflow/dags/airflow.py
[2025-10-07T04:41:57.529+0000] {processor.py:840} INFO - DAG(s) 'sms_spam_pipeline' retrieved from /opt/airflow/dags/airflow.py
[2025-10-07T04:41:57.565+0000] {logging_mixin.py:188} INFO - [2025-10-07T04:41:57.565+0000] {dag.py:3096} INFO - Sync 1 DAGs
[2025-10-07T04:41:57.590+0000] {logging_mixin.py:188} INFO - [2025-10-07T04:41:57.590+0000] {dag.py:3954} INFO - Setting next_dagrun for sms_spam_pipeline to 2025-10-07 00:00:00+00:00, run_after=2025-10-08 00:00:00+00:00
[2025-10-07T04:41:57.612+0000] {processor.py:183} INFO - Processing /opt/airflow/dags/airflow.py took 0.123 seconds
[2025-10-07T04:42:27.762+0000] {processor.py:161} INFO - Started process (PID=631) to work on /opt/airflow/dags/airflow.py
[2025-10-07T04:42:27.763+0000] {processor.py:830} INFO - Processing file /opt/airflow/dags/airflow.py for tasks to queue
[2025-10-07T04:42:27.765+0000] {logging_mixin.py:188} INFO - [2025-10-07T04:42:27.765+0000] {dagbag.py:545} INFO - Filling up the DagBag from /opt/airflow/dags/airflow.py
[2025-10-07T04:42:27.796+0000] {processor.py:840} INFO - DAG(s) 'sms_spam_pipeline' retrieved from /opt/airflow/dags/airflow.py
[2025-10-07T04:42:27.833+0000] {logging_mixin.py:188} INFO - [2025-10-07T04:42:27.833+0000] {dag.py:3096} INFO - Sync 1 DAGs
[2025-10-07T04:42:27.858+0000] {logging_mixin.py:188} INFO - [2025-10-07T04:42:27.858+0000] {dag.py:3954} INFO - Setting next_dagrun for sms_spam_pipeline to 2025-10-07 00:00:00+00:00, run_after=2025-10-08 00:00:00+00:00
[2025-10-07T04:42:27.881+0000] {processor.py:183} INFO - Processing /opt/airflow/dags/airflow.py took 0.127 seconds
[2025-10-07T04:42:58.189+0000] {processor.py:161} INFO - Started process (PID=636) to work on /opt/airflow/dags/airflow.py
[2025-10-07T04:42:58.190+0000] {processor.py:830} INFO - Processing file /opt/airflow/dags/airflow.py for tasks to queue
[2025-10-07T04:42:58.193+0000] {logging_mixin.py:188} INFO - [2025-10-07T04:42:58.193+0000] {dagbag.py:545} INFO - Filling up the DagBag from /opt/airflow/dags/airflow.py
[2025-10-07T04:42:58.225+0000] {processor.py:840} INFO - DAG(s) 'sms_spam_pipeline' retrieved from /opt/airflow/dags/airflow.py
[2025-10-07T04:42:58.264+0000] {logging_mixin.py:188} INFO - [2025-10-07T04:42:58.264+0000] {dag.py:3096} INFO - Sync 1 DAGs
[2025-10-07T04:42:58.290+0000] {logging_mixin.py:188} INFO - [2025-10-07T04:42:58.290+0000] {dag.py:3954} INFO - Setting next_dagrun for sms_spam_pipeline to 2025-10-07 00:00:00+00:00, run_after=2025-10-08 00:00:00+00:00
[2025-10-07T04:42:58.315+0000] {processor.py:183} INFO - Processing /opt/airflow/dags/airflow.py took 0.133 seconds
[2025-10-07T04:43:28.406+0000] {processor.py:161} INFO - Started process (PID=641) to work on /opt/airflow/dags/airflow.py
[2025-10-07T04:43:28.408+0000] {processor.py:830} INFO - Processing file /opt/airflow/dags/airflow.py for tasks to queue
[2025-10-07T04:43:28.410+0000] {logging_mixin.py:188} INFO - [2025-10-07T04:43:28.410+0000] {dagbag.py:545} INFO - Filling up the DagBag from /opt/airflow/dags/airflow.py
[2025-10-07T04:43:28.439+0000] {processor.py:840} INFO - DAG(s) 'sms_spam_pipeline' retrieved from /opt/airflow/dags/airflow.py
[2025-10-07T04:43:28.480+0000] {logging_mixin.py:188} INFO - [2025-10-07T04:43:28.479+0000] {dag.py:3096} INFO - Sync 1 DAGs
[2025-10-07T04:43:28.507+0000] {logging_mixin.py:188} INFO - [2025-10-07T04:43:28.507+0000] {dag.py:3954} INFO - Setting next_dagrun for sms_spam_pipeline to 2025-10-07 00:00:00+00:00, run_after=2025-10-08 00:00:00+00:00
[2025-10-07T04:43:28.530+0000] {processor.py:183} INFO - Processing /opt/airflow/dags/airflow.py took 0.131 seconds
[2025-10-07T04:43:58.805+0000] {processor.py:161} INFO - Started process (PID=646) to work on /opt/airflow/dags/airflow.py
[2025-10-07T04:43:58.806+0000] {processor.py:830} INFO - Processing file /opt/airflow/dags/airflow.py for tasks to queue
[2025-10-07T04:43:58.810+0000] {logging_mixin.py:188} INFO - [2025-10-07T04:43:58.810+0000] {dagbag.py:545} INFO - Filling up the DagBag from /opt/airflow/dags/airflow.py
[2025-10-07T04:43:58.860+0000] {processor.py:840} INFO - DAG(s) 'sms_spam_pipeline' retrieved from /opt/airflow/dags/airflow.py
[2025-10-07T04:43:58.942+0000] {logging_mixin.py:188} INFO - [2025-10-07T04:43:58.941+0000] {dag.py:3096} INFO - Sync 1 DAGs
[2025-10-07T04:43:59.000+0000] {logging_mixin.py:188} INFO - [2025-10-07T04:43:59.000+0000] {dag.py:3954} INFO - Setting next_dagrun for sms_spam_pipeline to 2025-10-07 00:00:00+00:00, run_after=2025-10-08 00:00:00+00:00
[2025-10-07T04:43:59.053+0000] {processor.py:183} INFO - Processing /opt/airflow/dags/airflow.py took 0.259 seconds
[2025-10-07T04:44:29.321+0000] {processor.py:161} INFO - Started process (PID=651) to work on /opt/airflow/dags/airflow.py
[2025-10-07T04:44:29.323+0000] {processor.py:830} INFO - Processing file /opt/airflow/dags/airflow.py for tasks to queue
[2025-10-07T04:44:29.327+0000] {logging_mixin.py:188} INFO - [2025-10-07T04:44:29.326+0000] {dagbag.py:545} INFO - Filling up the DagBag from /opt/airflow/dags/airflow.py
[2025-10-07T04:44:29.359+0000] {processor.py:840} INFO - DAG(s) 'sms_spam_pipeline' retrieved from /opt/airflow/dags/airflow.py
[2025-10-07T04:44:29.400+0000] {logging_mixin.py:188} INFO - [2025-10-07T04:44:29.400+0000] {dag.py:3096} INFO - Sync 1 DAGs
[2025-10-07T04:44:29.426+0000] {logging_mixin.py:188} INFO - [2025-10-07T04:44:29.425+0000] {dag.py:3954} INFO - Setting next_dagrun for sms_spam_pipeline to 2025-10-07 00:00:00+00:00, run_after=2025-10-08 00:00:00+00:00
[2025-10-07T04:44:29.452+0000] {processor.py:183} INFO - Processing /opt/airflow/dags/airflow.py took 0.140 seconds
[2025-10-07T04:44:59.523+0000] {processor.py:161} INFO - Started process (PID=656) to work on /opt/airflow/dags/airflow.py
[2025-10-07T04:44:59.524+0000] {processor.py:830} INFO - Processing file /opt/airflow/dags/airflow.py for tasks to queue
[2025-10-07T04:44:59.527+0000] {logging_mixin.py:188} INFO - [2025-10-07T04:44:59.526+0000] {dagbag.py:545} INFO - Filling up the DagBag from /opt/airflow/dags/airflow.py
[2025-10-07T04:44:59.553+0000] {processor.py:840} INFO - DAG(s) 'sms_spam_pipeline' retrieved from /opt/airflow/dags/airflow.py
[2025-10-07T04:44:59.591+0000] {logging_mixin.py:188} INFO - [2025-10-07T04:44:59.591+0000] {dag.py:3096} INFO - Sync 1 DAGs
[2025-10-07T04:44:59.616+0000] {logging_mixin.py:188} INFO - [2025-10-07T04:44:59.616+0000] {dag.py:3954} INFO - Setting next_dagrun for sms_spam_pipeline to 2025-10-07 00:00:00+00:00, run_after=2025-10-08 00:00:00+00:00
[2025-10-07T04:44:59.640+0000] {processor.py:183} INFO - Processing /opt/airflow/dags/airflow.py took 0.125 seconds
[2025-10-07T04:45:29.894+0000] {processor.py:161} INFO - Started process (PID=661) to work on /opt/airflow/dags/airflow.py
[2025-10-07T04:45:29.896+0000] {processor.py:830} INFO - Processing file /opt/airflow/dags/airflow.py for tasks to queue
[2025-10-07T04:45:29.898+0000] {logging_mixin.py:188} INFO - [2025-10-07T04:45:29.897+0000] {dagbag.py:545} INFO - Filling up the DagBag from /opt/airflow/dags/airflow.py
[2025-10-07T04:45:29.926+0000] {processor.py:840} INFO - DAG(s) 'sms_spam_pipeline' retrieved from /opt/airflow/dags/airflow.py
[2025-10-07T04:45:29.963+0000] {logging_mixin.py:188} INFO - [2025-10-07T04:45:29.963+0000] {dag.py:3096} INFO - Sync 1 DAGs
[2025-10-07T04:45:29.990+0000] {logging_mixin.py:188} INFO - [2025-10-07T04:45:29.990+0000] {dag.py:3954} INFO - Setting next_dagrun for sms_spam_pipeline to 2025-10-07 00:00:00+00:00, run_after=2025-10-08 00:00:00+00:00
[2025-10-07T04:45:30.017+0000] {processor.py:183} INFO - Processing /opt/airflow/dags/airflow.py took 0.130 seconds
[2025-10-07T04:46:00.128+0000] {processor.py:161} INFO - Started process (PID=666) to work on /opt/airflow/dags/airflow.py
[2025-10-07T04:46:00.130+0000] {processor.py:830} INFO - Processing file /opt/airflow/dags/airflow.py for tasks to queue
[2025-10-07T04:46:00.133+0000] {logging_mixin.py:188} INFO - [2025-10-07T04:46:00.132+0000] {dagbag.py:545} INFO - Filling up the DagBag from /opt/airflow/dags/airflow.py
[2025-10-07T04:46:00.163+0000] {processor.py:840} INFO - DAG(s) 'sms_spam_pipeline' retrieved from /opt/airflow/dags/airflow.py
[2025-10-07T04:46:00.201+0000] {logging_mixin.py:188} INFO - [2025-10-07T04:46:00.200+0000] {dag.py:3096} INFO - Sync 1 DAGs
[2025-10-07T04:46:00.225+0000] {logging_mixin.py:188} INFO - [2025-10-07T04:46:00.224+0000] {dag.py:3954} INFO - Setting next_dagrun for sms_spam_pipeline to 2025-10-07 00:00:00+00:00, run_after=2025-10-08 00:00:00+00:00
[2025-10-07T04:46:00.247+0000] {processor.py:183} INFO - Processing /opt/airflow/dags/airflow.py took 0.128 seconds
[2025-10-07T04:46:30.431+0000] {processor.py:161} INFO - Started process (PID=671) to work on /opt/airflow/dags/airflow.py
[2025-10-07T04:46:30.433+0000] {processor.py:830} INFO - Processing file /opt/airflow/dags/airflow.py for tasks to queue
[2025-10-07T04:46:30.435+0000] {logging_mixin.py:188} INFO - [2025-10-07T04:46:30.435+0000] {dagbag.py:545} INFO - Filling up the DagBag from /opt/airflow/dags/airflow.py
[2025-10-07T04:46:30.466+0000] {processor.py:840} INFO - DAG(s) 'sms_spam_pipeline' retrieved from /opt/airflow/dags/airflow.py
[2025-10-07T04:46:30.504+0000] {logging_mixin.py:188} INFO - [2025-10-07T04:46:30.504+0000] {dag.py:3096} INFO - Sync 1 DAGs
[2025-10-07T04:46:30.528+0000] {logging_mixin.py:188} INFO - [2025-10-07T04:46:30.528+0000] {dag.py:3954} INFO - Setting next_dagrun for sms_spam_pipeline to 2025-10-07 00:00:00+00:00, run_after=2025-10-08 00:00:00+00:00
[2025-10-07T04:46:30.551+0000] {processor.py:183} INFO - Processing /opt/airflow/dags/airflow.py took 0.127 seconds
[2025-10-07T04:47:00.665+0000] {processor.py:161} INFO - Started process (PID=676) to work on /opt/airflow/dags/airflow.py
[2025-10-07T04:47:00.666+0000] {processor.py:830} INFO - Processing file /opt/airflow/dags/airflow.py for tasks to queue
[2025-10-07T04:47:00.668+0000] {logging_mixin.py:188} INFO - [2025-10-07T04:47:00.668+0000] {dagbag.py:545} INFO - Filling up the DagBag from /opt/airflow/dags/airflow.py
[2025-10-07T04:47:00.701+0000] {processor.py:840} INFO - DAG(s) 'sms_spam_pipeline' retrieved from /opt/airflow/dags/airflow.py
[2025-10-07T04:47:00.746+0000] {logging_mixin.py:188} INFO - [2025-10-07T04:47:00.746+0000] {dag.py:3096} INFO - Sync 1 DAGs
[2025-10-07T04:47:00.773+0000] {logging_mixin.py:188} INFO - [2025-10-07T04:47:00.772+0000] {dag.py:3954} INFO - Setting next_dagrun for sms_spam_pipeline to 2025-10-07 00:00:00+00:00, run_after=2025-10-08 00:00:00+00:00
[2025-10-07T04:47:00.801+0000] {processor.py:183} INFO - Processing /opt/airflow/dags/airflow.py took 0.145 seconds
[2025-10-07T04:47:30.993+0000] {processor.py:161} INFO - Started process (PID=681) to work on /opt/airflow/dags/airflow.py
[2025-10-07T04:47:30.995+0000] {processor.py:830} INFO - Processing file /opt/airflow/dags/airflow.py for tasks to queue
[2025-10-07T04:47:30.999+0000] {logging_mixin.py:188} INFO - [2025-10-07T04:47:30.998+0000] {dagbag.py:545} INFO - Filling up the DagBag from /opt/airflow/dags/airflow.py
[2025-10-07T04:47:31.032+0000] {processor.py:840} INFO - DAG(s) 'sms_spam_pipeline' retrieved from /opt/airflow/dags/airflow.py
[2025-10-07T04:47:31.077+0000] {logging_mixin.py:188} INFO - [2025-10-07T04:47:31.076+0000] {dag.py:3096} INFO - Sync 1 DAGs
[2025-10-07T04:47:31.104+0000] {logging_mixin.py:188} INFO - [2025-10-07T04:47:31.103+0000] {dag.py:3954} INFO - Setting next_dagrun for sms_spam_pipeline to 2025-10-07 00:00:00+00:00, run_after=2025-10-08 00:00:00+00:00
[2025-10-07T04:47:31.135+0000] {processor.py:183} INFO - Processing /opt/airflow/dags/airflow.py took 0.150 seconds
[2025-10-07T04:48:01.390+0000] {processor.py:161} INFO - Started process (PID=686) to work on /opt/airflow/dags/airflow.py
[2025-10-07T04:48:01.392+0000] {processor.py:830} INFO - Processing file /opt/airflow/dags/airflow.py for tasks to queue
[2025-10-07T04:48:01.395+0000] {logging_mixin.py:188} INFO - [2025-10-07T04:48:01.394+0000] {dagbag.py:545} INFO - Filling up the DagBag from /opt/airflow/dags/airflow.py
[2025-10-07T04:48:01.434+0000] {processor.py:840} INFO - DAG(s) 'sms_spam_pipeline' retrieved from /opt/airflow/dags/airflow.py
[2025-10-07T04:48:01.483+0000] {logging_mixin.py:188} INFO - [2025-10-07T04:48:01.483+0000] {dag.py:3096} INFO - Sync 1 DAGs
[2025-10-07T04:48:01.517+0000] {logging_mixin.py:188} INFO - [2025-10-07T04:48:01.517+0000] {dag.py:3954} INFO - Setting next_dagrun for sms_spam_pipeline to 2025-10-07 00:00:00+00:00, run_after=2025-10-08 00:00:00+00:00
[2025-10-07T04:48:01.549+0000] {processor.py:183} INFO - Processing /opt/airflow/dags/airflow.py took 0.170 seconds
[2025-10-07T04:48:31.792+0000] {processor.py:161} INFO - Started process (PID=691) to work on /opt/airflow/dags/airflow.py
[2025-10-07T04:48:31.793+0000] {processor.py:830} INFO - Processing file /opt/airflow/dags/airflow.py for tasks to queue
[2025-10-07T04:48:31.796+0000] {logging_mixin.py:188} INFO - [2025-10-07T04:48:31.795+0000] {dagbag.py:545} INFO - Filling up the DagBag from /opt/airflow/dags/airflow.py
[2025-10-07T04:48:31.827+0000] {processor.py:840} INFO - DAG(s) 'sms_spam_pipeline' retrieved from /opt/airflow/dags/airflow.py
[2025-10-07T04:48:31.870+0000] {logging_mixin.py:188} INFO - [2025-10-07T04:48:31.869+0000] {dag.py:3096} INFO - Sync 1 DAGs
[2025-10-07T04:48:31.898+0000] {logging_mixin.py:188} INFO - [2025-10-07T04:48:31.897+0000] {dag.py:3954} INFO - Setting next_dagrun for sms_spam_pipeline to 2025-10-07 00:00:00+00:00, run_after=2025-10-08 00:00:00+00:00
[2025-10-07T04:48:31.933+0000] {processor.py:183} INFO - Processing /opt/airflow/dags/airflow.py took 0.151 seconds
[2025-10-07T04:49:02.021+0000] {processor.py:161} INFO - Started process (PID=696) to work on /opt/airflow/dags/airflow.py
[2025-10-07T04:49:02.022+0000] {processor.py:830} INFO - Processing file /opt/airflow/dags/airflow.py for tasks to queue
[2025-10-07T04:49:02.025+0000] {logging_mixin.py:188} INFO - [2025-10-07T04:49:02.025+0000] {dagbag.py:545} INFO - Filling up the DagBag from /opt/airflow/dags/airflow.py
[2025-10-07T04:49:02.053+0000] {processor.py:840} INFO - DAG(s) 'sms_spam_pipeline' retrieved from /opt/airflow/dags/airflow.py
[2025-10-07T04:49:02.092+0000] {logging_mixin.py:188} INFO - [2025-10-07T04:49:02.091+0000] {dag.py:3096} INFO - Sync 1 DAGs
[2025-10-07T04:49:02.116+0000] {logging_mixin.py:188} INFO - [2025-10-07T04:49:02.116+0000] {dag.py:3954} INFO - Setting next_dagrun for sms_spam_pipeline to 2025-10-07 00:00:00+00:00, run_after=2025-10-08 00:00:00+00:00
[2025-10-07T04:49:02.140+0000] {processor.py:183} INFO - Processing /opt/airflow/dags/airflow.py took 0.127 seconds
[2025-10-07T04:49:32.394+0000] {processor.py:161} INFO - Started process (PID=701) to work on /opt/airflow/dags/airflow.py
[2025-10-07T04:49:32.395+0000] {processor.py:830} INFO - Processing file /opt/airflow/dags/airflow.py for tasks to queue
[2025-10-07T04:49:32.397+0000] {logging_mixin.py:188} INFO - [2025-10-07T04:49:32.397+0000] {dagbag.py:545} INFO - Filling up the DagBag from /opt/airflow/dags/airflow.py
[2025-10-07T04:49:32.432+0000] {processor.py:840} INFO - DAG(s) 'sms_spam_pipeline' retrieved from /opt/airflow/dags/airflow.py
[2025-10-07T04:49:32.471+0000] {logging_mixin.py:188} INFO - [2025-10-07T04:49:32.471+0000] {dag.py:3096} INFO - Sync 1 DAGs
[2025-10-07T04:49:32.498+0000] {logging_mixin.py:188} INFO - [2025-10-07T04:49:32.498+0000] {dag.py:3954} INFO - Setting next_dagrun for sms_spam_pipeline to 2025-10-07 00:00:00+00:00, run_after=2025-10-08 00:00:00+00:00
[2025-10-07T04:49:32.527+0000] {processor.py:183} INFO - Processing /opt/airflow/dags/airflow.py took 0.140 seconds
[2025-10-07T04:50:02.614+0000] {processor.py:161} INFO - Started process (PID=706) to work on /opt/airflow/dags/airflow.py
[2025-10-07T04:50:02.616+0000] {processor.py:830} INFO - Processing file /opt/airflow/dags/airflow.py for tasks to queue
[2025-10-07T04:50:02.618+0000] {logging_mixin.py:188} INFO - [2025-10-07T04:50:02.618+0000] {dagbag.py:545} INFO - Filling up the DagBag from /opt/airflow/dags/airflow.py
[2025-10-07T04:50:02.647+0000] {processor.py:840} INFO - DAG(s) 'sms_spam_pipeline' retrieved from /opt/airflow/dags/airflow.py
[2025-10-07T04:50:02.688+0000] {logging_mixin.py:188} INFO - [2025-10-07T04:50:02.688+0000] {dag.py:3096} INFO - Sync 1 DAGs
[2025-10-07T04:50:02.714+0000] {logging_mixin.py:188} INFO - [2025-10-07T04:50:02.714+0000] {dag.py:3954} INFO - Setting next_dagrun for sms_spam_pipeline to 2025-10-07 00:00:00+00:00, run_after=2025-10-08 00:00:00+00:00
[2025-10-07T04:50:02.742+0000] {processor.py:183} INFO - Processing /opt/airflow/dags/airflow.py took 0.135 seconds
[2025-10-07T04:50:32.962+0000] {processor.py:161} INFO - Started process (PID=711) to work on /opt/airflow/dags/airflow.py
[2025-10-07T04:50:32.964+0000] {processor.py:830} INFO - Processing file /opt/airflow/dags/airflow.py for tasks to queue
[2025-10-07T04:50:32.966+0000] {logging_mixin.py:188} INFO - [2025-10-07T04:50:32.965+0000] {dagbag.py:545} INFO - Filling up the DagBag from /opt/airflow/dags/airflow.py
[2025-10-07T04:50:32.994+0000] {processor.py:840} INFO - DAG(s) 'sms_spam_pipeline' retrieved from /opt/airflow/dags/airflow.py
[2025-10-07T04:50:33.030+0000] {logging_mixin.py:188} INFO - [2025-10-07T04:50:33.029+0000] {dag.py:3096} INFO - Sync 1 DAGs
[2025-10-07T04:50:33.055+0000] {logging_mixin.py:188} INFO - [2025-10-07T04:50:33.055+0000] {dag.py:3954} INFO - Setting next_dagrun for sms_spam_pipeline to 2025-10-07 00:00:00+00:00, run_after=2025-10-08 00:00:00+00:00
[2025-10-07T04:50:33.080+0000] {processor.py:183} INFO - Processing /opt/airflow/dags/airflow.py took 0.125 seconds
[2025-10-07T04:51:03.225+0000] {processor.py:161} INFO - Started process (PID=716) to work on /opt/airflow/dags/airflow.py
[2025-10-07T04:51:03.226+0000] {processor.py:830} INFO - Processing file /opt/airflow/dags/airflow.py for tasks to queue
[2025-10-07T04:51:03.229+0000] {logging_mixin.py:188} INFO - [2025-10-07T04:51:03.228+0000] {dagbag.py:545} INFO - Filling up the DagBag from /opt/airflow/dags/airflow.py
[2025-10-07T04:51:03.257+0000] {processor.py:840} INFO - DAG(s) 'sms_spam_pipeline' retrieved from /opt/airflow/dags/airflow.py
[2025-10-07T04:51:03.300+0000] {logging_mixin.py:188} INFO - [2025-10-07T04:51:03.300+0000] {dag.py:3096} INFO - Sync 1 DAGs
[2025-10-07T04:51:03.329+0000] {logging_mixin.py:188} INFO - [2025-10-07T04:51:03.329+0000] {dag.py:3954} INFO - Setting next_dagrun for sms_spam_pipeline to 2025-10-07 00:00:00+00:00, run_after=2025-10-08 00:00:00+00:00
[2025-10-07T04:51:03.361+0000] {processor.py:183} INFO - Processing /opt/airflow/dags/airflow.py took 0.143 seconds
[2025-10-07T04:51:33.529+0000] {processor.py:161} INFO - Started process (PID=721) to work on /opt/airflow/dags/airflow.py
[2025-10-07T04:51:33.531+0000] {processor.py:830} INFO - Processing file /opt/airflow/dags/airflow.py for tasks to queue
[2025-10-07T04:51:33.534+0000] {logging_mixin.py:188} INFO - [2025-10-07T04:51:33.534+0000] {dagbag.py:545} INFO - Filling up the DagBag from /opt/airflow/dags/airflow.py
[2025-10-07T04:51:33.579+0000] {processor.py:840} INFO - DAG(s) 'sms_spam_pipeline' retrieved from /opt/airflow/dags/airflow.py
[2025-10-07T04:51:33.623+0000] {logging_mixin.py:188} INFO - [2025-10-07T04:51:33.623+0000] {dag.py:3096} INFO - Sync 1 DAGs
[2025-10-07T04:51:33.652+0000] {logging_mixin.py:188} INFO - [2025-10-07T04:51:33.652+0000] {dag.py:3954} INFO - Setting next_dagrun for sms_spam_pipeline to 2025-10-07 00:00:00+00:00, run_after=2025-10-08 00:00:00+00:00
[2025-10-07T04:51:33.680+0000] {processor.py:183} INFO - Processing /opt/airflow/dags/airflow.py took 0.162 seconds
[2025-10-07T04:52:03.807+0000] {processor.py:161} INFO - Started process (PID=726) to work on /opt/airflow/dags/airflow.py
[2025-10-07T04:52:03.808+0000] {processor.py:830} INFO - Processing file /opt/airflow/dags/airflow.py for tasks to queue
[2025-10-07T04:52:03.811+0000] {logging_mixin.py:188} INFO - [2025-10-07T04:52:03.811+0000] {dagbag.py:545} INFO - Filling up the DagBag from /opt/airflow/dags/airflow.py
[2025-10-07T04:52:03.838+0000] {processor.py:840} INFO - DAG(s) 'sms_spam_pipeline' retrieved from /opt/airflow/dags/airflow.py
[2025-10-07T04:52:03.878+0000] {logging_mixin.py:188} INFO - [2025-10-07T04:52:03.877+0000] {dag.py:3096} INFO - Sync 1 DAGs
[2025-10-07T04:52:03.901+0000] {logging_mixin.py:188} INFO - [2025-10-07T04:52:03.901+0000] {dag.py:3954} INFO - Setting next_dagrun for sms_spam_pipeline to 2025-10-07 00:00:00+00:00, run_after=2025-10-08 00:00:00+00:00
[2025-10-07T04:52:03.925+0000] {processor.py:183} INFO - Processing /opt/airflow/dags/airflow.py took 0.127 seconds
[2025-10-07T04:52:34.113+0000] {processor.py:161} INFO - Started process (PID=731) to work on /opt/airflow/dags/airflow.py
[2025-10-07T04:52:34.114+0000] {processor.py:830} INFO - Processing file /opt/airflow/dags/airflow.py for tasks to queue
[2025-10-07T04:52:34.117+0000] {logging_mixin.py:188} INFO - [2025-10-07T04:52:34.117+0000] {dagbag.py:545} INFO - Filling up the DagBag from /opt/airflow/dags/airflow.py
[2025-10-07T04:52:34.148+0000] {processor.py:840} INFO - DAG(s) 'sms_spam_pipeline' retrieved from /opt/airflow/dags/airflow.py
[2025-10-07T04:52:34.193+0000] {logging_mixin.py:188} INFO - [2025-10-07T04:52:34.193+0000] {dag.py:3096} INFO - Sync 1 DAGs
[2025-10-07T04:52:34.220+0000] {logging_mixin.py:188} INFO - [2025-10-07T04:52:34.220+0000] {dag.py:3954} INFO - Setting next_dagrun for sms_spam_pipeline to 2025-10-07 00:00:00+00:00, run_after=2025-10-08 00:00:00+00:00
[2025-10-07T04:52:34.250+0000] {processor.py:183} INFO - Processing /opt/airflow/dags/airflow.py took 0.146 seconds
[2025-10-07T04:53:04.510+0000] {processor.py:161} INFO - Started process (PID=736) to work on /opt/airflow/dags/airflow.py
[2025-10-07T04:53:04.511+0000] {processor.py:830} INFO - Processing file /opt/airflow/dags/airflow.py for tasks to queue
[2025-10-07T04:53:04.513+0000] {logging_mixin.py:188} INFO - [2025-10-07T04:53:04.513+0000] {dagbag.py:545} INFO - Filling up the DagBag from /opt/airflow/dags/airflow.py
[2025-10-07T04:53:04.541+0000] {processor.py:840} INFO - DAG(s) 'sms_spam_pipeline' retrieved from /opt/airflow/dags/airflow.py
[2025-10-07T04:53:04.577+0000] {logging_mixin.py:188} INFO - [2025-10-07T04:53:04.576+0000] {dag.py:3096} INFO - Sync 1 DAGs
[2025-10-07T04:53:04.601+0000] {logging_mixin.py:188} INFO - [2025-10-07T04:53:04.601+0000] {dag.py:3954} INFO - Setting next_dagrun for sms_spam_pipeline to 2025-10-07 00:00:00+00:00, run_after=2025-10-08 00:00:00+00:00
[2025-10-07T04:53:04.626+0000] {processor.py:183} INFO - Processing /opt/airflow/dags/airflow.py took 0.123 seconds
[2025-10-07T04:53:34.737+0000] {processor.py:161} INFO - Started process (PID=741) to work on /opt/airflow/dags/airflow.py
[2025-10-07T04:53:34.738+0000] {processor.py:830} INFO - Processing file /opt/airflow/dags/airflow.py for tasks to queue
[2025-10-07T04:53:34.740+0000] {logging_mixin.py:188} INFO - [2025-10-07T04:53:34.740+0000] {dagbag.py:545} INFO - Filling up the DagBag from /opt/airflow/dags/airflow.py
[2025-10-07T04:53:34.770+0000] {processor.py:840} INFO - DAG(s) 'sms_spam_pipeline' retrieved from /opt/airflow/dags/airflow.py
[2025-10-07T04:53:34.814+0000] {logging_mixin.py:188} INFO - [2025-10-07T04:53:34.814+0000] {dag.py:3096} INFO - Sync 1 DAGs
[2025-10-07T04:53:34.839+0000] {logging_mixin.py:188} INFO - [2025-10-07T04:53:34.838+0000] {dag.py:3954} INFO - Setting next_dagrun for sms_spam_pipeline to 2025-10-07 00:00:00+00:00, run_after=2025-10-08 00:00:00+00:00
[2025-10-07T04:53:34.866+0000] {processor.py:183} INFO - Processing /opt/airflow/dags/airflow.py took 0.137 seconds
[2025-10-07T04:54:05.067+0000] {processor.py:161} INFO - Started process (PID=746) to work on /opt/airflow/dags/airflow.py
[2025-10-07T04:54:05.068+0000] {processor.py:830} INFO - Processing file /opt/airflow/dags/airflow.py for tasks to queue
[2025-10-07T04:54:05.070+0000] {logging_mixin.py:188} INFO - [2025-10-07T04:54:05.070+0000] {dagbag.py:545} INFO - Filling up the DagBag from /opt/airflow/dags/airflow.py
[2025-10-07T04:54:05.098+0000] {processor.py:840} INFO - DAG(s) 'sms_spam_pipeline' retrieved from /opt/airflow/dags/airflow.py
[2025-10-07T04:54:05.135+0000] {logging_mixin.py:188} INFO - [2025-10-07T04:54:05.135+0000] {dag.py:3096} INFO - Sync 1 DAGs
[2025-10-07T04:54:05.162+0000] {logging_mixin.py:188} INFO - [2025-10-07T04:54:05.162+0000] {dag.py:3954} INFO - Setting next_dagrun for sms_spam_pipeline to 2025-10-07 00:00:00+00:00, run_after=2025-10-08 00:00:00+00:00
[2025-10-07T04:54:05.188+0000] {processor.py:183} INFO - Processing /opt/airflow/dags/airflow.py took 0.128 seconds
[2025-10-07T04:54:35.335+0000] {processor.py:161} INFO - Started process (PID=751) to work on /opt/airflow/dags/airflow.py
[2025-10-07T04:54:35.337+0000] {processor.py:830} INFO - Processing file /opt/airflow/dags/airflow.py for tasks to queue
[2025-10-07T04:54:35.339+0000] {logging_mixin.py:188} INFO - [2025-10-07T04:54:35.339+0000] {dagbag.py:545} INFO - Filling up the DagBag from /opt/airflow/dags/airflow.py
[2025-10-07T04:54:35.373+0000] {processor.py:840} INFO - DAG(s) 'sms_spam_pipeline' retrieved from /opt/airflow/dags/airflow.py
[2025-10-07T04:54:35.419+0000] {logging_mixin.py:188} INFO - [2025-10-07T04:54:35.418+0000] {dag.py:3096} INFO - Sync 1 DAGs
[2025-10-07T04:54:35.446+0000] {logging_mixin.py:188} INFO - [2025-10-07T04:54:35.446+0000] {dag.py:3954} INFO - Setting next_dagrun for sms_spam_pipeline to 2025-10-07 00:00:00+00:00, run_after=2025-10-08 00:00:00+00:00
[2025-10-07T04:54:35.479+0000] {processor.py:183} INFO - Processing /opt/airflow/dags/airflow.py took 0.153 seconds
[2025-10-07T04:55:05.643+0000] {processor.py:161} INFO - Started process (PID=756) to work on /opt/airflow/dags/airflow.py
[2025-10-07T04:55:05.644+0000] {processor.py:830} INFO - Processing file /opt/airflow/dags/airflow.py for tasks to queue
[2025-10-07T04:55:05.647+0000] {logging_mixin.py:188} INFO - [2025-10-07T04:55:05.647+0000] {dagbag.py:545} INFO - Filling up the DagBag from /opt/airflow/dags/airflow.py
[2025-10-07T04:55:05.675+0000] {processor.py:840} INFO - DAG(s) 'sms_spam_pipeline' retrieved from /opt/airflow/dags/airflow.py
[2025-10-07T04:55:05.712+0000] {logging_mixin.py:188} INFO - [2025-10-07T04:55:05.712+0000] {dag.py:3096} INFO - Sync 1 DAGs
[2025-10-07T04:55:05.740+0000] {logging_mixin.py:188} INFO - [2025-10-07T04:55:05.740+0000] {dag.py:3954} INFO - Setting next_dagrun for sms_spam_pipeline to 2025-10-07 00:00:00+00:00, run_after=2025-10-08 00:00:00+00:00
[2025-10-07T04:55:05.769+0000] {processor.py:183} INFO - Processing /opt/airflow/dags/airflow.py took 0.134 seconds
[2025-10-07T04:55:35.940+0000] {processor.py:161} INFO - Started process (PID=761) to work on /opt/airflow/dags/airflow.py
[2025-10-07T04:55:35.942+0000] {processor.py:830} INFO - Processing file /opt/airflow/dags/airflow.py for tasks to queue
[2025-10-07T04:55:35.944+0000] {logging_mixin.py:188} INFO - [2025-10-07T04:55:35.944+0000] {dagbag.py:545} INFO - Filling up the DagBag from /opt/airflow/dags/airflow.py
[2025-10-07T04:55:35.980+0000] {processor.py:840} INFO - DAG(s) 'sms_spam_pipeline' retrieved from /opt/airflow/dags/airflow.py
[2025-10-07T04:55:36.030+0000] {logging_mixin.py:188} INFO - [2025-10-07T04:55:36.029+0000] {dag.py:3096} INFO - Sync 1 DAGs
[2025-10-07T04:55:36.057+0000] {logging_mixin.py:188} INFO - [2025-10-07T04:55:36.057+0000] {dag.py:3954} INFO - Setting next_dagrun for sms_spam_pipeline to 2025-10-07 00:00:00+00:00, run_after=2025-10-08 00:00:00+00:00
[2025-10-07T04:55:36.088+0000] {processor.py:183} INFO - Processing /opt/airflow/dags/airflow.py took 0.157 seconds
[2025-10-07T04:56:06.220+0000] {processor.py:161} INFO - Started process (PID=766) to work on /opt/airflow/dags/airflow.py
[2025-10-07T04:56:06.221+0000] {processor.py:830} INFO - Processing file /opt/airflow/dags/airflow.py for tasks to queue
[2025-10-07T04:56:06.224+0000] {logging_mixin.py:188} INFO - [2025-10-07T04:56:06.223+0000] {dagbag.py:545} INFO - Filling up the DagBag from /opt/airflow/dags/airflow.py
[2025-10-07T04:56:06.259+0000] {processor.py:840} INFO - DAG(s) 'sms_spam_pipeline' retrieved from /opt/airflow/dags/airflow.py
[2025-10-07T04:56:06.299+0000] {logging_mixin.py:188} INFO - [2025-10-07T04:56:06.299+0000] {dag.py:3096} INFO - Sync 1 DAGs
[2025-10-07T04:56:06.326+0000] {logging_mixin.py:188} INFO - [2025-10-07T04:56:06.326+0000] {dag.py:3954} INFO - Setting next_dagrun for sms_spam_pipeline to 2025-10-07 00:00:00+00:00, run_after=2025-10-08 00:00:00+00:00
[2025-10-07T04:56:06.352+0000] {processor.py:183} INFO - Processing /opt/airflow/dags/airflow.py took 0.143 seconds
[2025-10-07T04:56:36.539+0000] {processor.py:161} INFO - Started process (PID=771) to work on /opt/airflow/dags/airflow.py
[2025-10-07T04:56:36.541+0000] {processor.py:830} INFO - Processing file /opt/airflow/dags/airflow.py for tasks to queue
[2025-10-07T04:56:36.545+0000] {logging_mixin.py:188} INFO - [2025-10-07T04:56:36.544+0000] {dagbag.py:545} INFO - Filling up the DagBag from /opt/airflow/dags/airflow.py
[2025-10-07T04:56:36.577+0000] {processor.py:840} INFO - DAG(s) 'sms_spam_pipeline' retrieved from /opt/airflow/dags/airflow.py
[2025-10-07T04:56:36.613+0000] {logging_mixin.py:188} INFO - [2025-10-07T04:56:36.612+0000] {dag.py:3096} INFO - Sync 1 DAGs
[2025-10-07T04:56:36.637+0000] {logging_mixin.py:188} INFO - [2025-10-07T04:56:36.637+0000] {dag.py:3954} INFO - Setting next_dagrun for sms_spam_pipeline to 2025-10-07 00:00:00+00:00, run_after=2025-10-08 00:00:00+00:00
[2025-10-07T04:56:36.663+0000] {processor.py:183} INFO - Processing /opt/airflow/dags/airflow.py took 0.132 seconds
[2025-10-07T04:57:06.794+0000] {processor.py:161} INFO - Started process (PID=776) to work on /opt/airflow/dags/airflow.py
[2025-10-07T04:57:06.795+0000] {processor.py:830} INFO - Processing file /opt/airflow/dags/airflow.py for tasks to queue
[2025-10-07T04:57:06.799+0000] {logging_mixin.py:188} INFO - [2025-10-07T04:57:06.798+0000] {dagbag.py:545} INFO - Filling up the DagBag from /opt/airflow/dags/airflow.py
[2025-10-07T04:57:06.831+0000] {processor.py:840} INFO - DAG(s) 'sms_spam_pipeline' retrieved from /opt/airflow/dags/airflow.py
[2025-10-07T04:57:06.884+0000] {logging_mixin.py:188} INFO - [2025-10-07T04:57:06.883+0000] {dag.py:3096} INFO - Sync 1 DAGs
[2025-10-07T04:57:06.914+0000] {logging_mixin.py:188} INFO - [2025-10-07T04:57:06.914+0000] {dag.py:3954} INFO - Setting next_dagrun for sms_spam_pipeline to 2025-10-07 00:00:00+00:00, run_after=2025-10-08 00:00:00+00:00
[2025-10-07T04:57:06.944+0000] {processor.py:183} INFO - Processing /opt/airflow/dags/airflow.py took 0.159 seconds
[2025-10-07T04:57:37.115+0000] {processor.py:161} INFO - Started process (PID=781) to work on /opt/airflow/dags/airflow.py
[2025-10-07T04:57:37.116+0000] {processor.py:830} INFO - Processing file /opt/airflow/dags/airflow.py for tasks to queue
[2025-10-07T04:57:37.119+0000] {logging_mixin.py:188} INFO - [2025-10-07T04:57:37.118+0000] {dagbag.py:545} INFO - Filling up the DagBag from /opt/airflow/dags/airflow.py
[2025-10-07T04:57:37.154+0000] {processor.py:840} INFO - DAG(s) 'sms_spam_pipeline' retrieved from /opt/airflow/dags/airflow.py
[2025-10-07T04:57:37.197+0000] {logging_mixin.py:188} INFO - [2025-10-07T04:57:37.197+0000] {dag.py:3096} INFO - Sync 1 DAGs
[2025-10-07T04:57:37.225+0000] {logging_mixin.py:188} INFO - [2025-10-07T04:57:37.225+0000] {dag.py:3954} INFO - Setting next_dagrun for sms_spam_pipeline to 2025-10-07 00:00:00+00:00, run_after=2025-10-08 00:00:00+00:00
[2025-10-07T04:57:37.253+0000] {processor.py:183} INFO - Processing /opt/airflow/dags/airflow.py took 0.148 seconds
[2025-10-07T04:58:07.375+0000] {processor.py:161} INFO - Started process (PID=786) to work on /opt/airflow/dags/airflow.py
[2025-10-07T04:58:07.377+0000] {processor.py:830} INFO - Processing file /opt/airflow/dags/airflow.py for tasks to queue
[2025-10-07T04:58:07.380+0000] {logging_mixin.py:188} INFO - [2025-10-07T04:58:07.379+0000] {dagbag.py:545} INFO - Filling up the DagBag from /opt/airflow/dags/airflow.py
[2025-10-07T04:58:07.409+0000] {processor.py:840} INFO - DAG(s) 'sms_spam_pipeline' retrieved from /opt/airflow/dags/airflow.py
[2025-10-07T04:58:07.453+0000] {logging_mixin.py:188} INFO - [2025-10-07T04:58:07.453+0000] {dag.py:3096} INFO - Sync 1 DAGs
[2025-10-07T04:58:07.478+0000] {logging_mixin.py:188} INFO - [2025-10-07T04:58:07.477+0000] {dag.py:3954} INFO - Setting next_dagrun for sms_spam_pipeline to 2025-10-07 00:00:00+00:00, run_after=2025-10-08 00:00:00+00:00
[2025-10-07T04:58:07.504+0000] {processor.py:183} INFO - Processing /opt/airflow/dags/airflow.py took 0.137 seconds
[2025-10-07T04:58:37.591+0000] {processor.py:161} INFO - Started process (PID=791) to work on /opt/airflow/dags/airflow.py
[2025-10-07T04:58:37.593+0000] {processor.py:830} INFO - Processing file /opt/airflow/dags/airflow.py for tasks to queue
[2025-10-07T04:58:37.595+0000] {logging_mixin.py:188} INFO - [2025-10-07T04:58:37.595+0000] {dagbag.py:545} INFO - Filling up the DagBag from /opt/airflow/dags/airflow.py
[2025-10-07T04:58:37.625+0000] {processor.py:840} INFO - DAG(s) 'sms_spam_pipeline' retrieved from /opt/airflow/dags/airflow.py
[2025-10-07T04:58:37.667+0000] {logging_mixin.py:188} INFO - [2025-10-07T04:58:37.666+0000] {dag.py:3096} INFO - Sync 1 DAGs
[2025-10-07T04:58:37.691+0000] {logging_mixin.py:188} INFO - [2025-10-07T04:58:37.690+0000] {dag.py:3954} INFO - Setting next_dagrun for sms_spam_pipeline to 2025-10-07 00:00:00+00:00, run_after=2025-10-08 00:00:00+00:00
[2025-10-07T04:58:37.716+0000] {processor.py:183} INFO - Processing /opt/airflow/dags/airflow.py took 0.133 seconds
[2025-10-07T04:59:07.959+0000] {processor.py:161} INFO - Started process (PID=796) to work on /opt/airflow/dags/airflow.py
[2025-10-07T04:59:07.960+0000] {processor.py:830} INFO - Processing file /opt/airflow/dags/airflow.py for tasks to queue
[2025-10-07T04:59:07.964+0000] {logging_mixin.py:188} INFO - [2025-10-07T04:59:07.963+0000] {dagbag.py:545} INFO - Filling up the DagBag from /opt/airflow/dags/airflow.py
[2025-10-07T04:59:07.999+0000] {processor.py:840} INFO - DAG(s) 'sms_spam_pipeline' retrieved from /opt/airflow/dags/airflow.py
[2025-10-07T04:59:08.047+0000] {logging_mixin.py:188} INFO - [2025-10-07T04:59:08.046+0000] {dag.py:3096} INFO - Sync 1 DAGs
[2025-10-07T04:59:08.081+0000] {logging_mixin.py:188} INFO - [2025-10-07T04:59:08.080+0000] {dag.py:3954} INFO - Setting next_dagrun for sms_spam_pipeline to 2025-10-07 00:00:00+00:00, run_after=2025-10-08 00:00:00+00:00
[2025-10-07T04:59:08.111+0000] {processor.py:183} INFO - Processing /opt/airflow/dags/airflow.py took 0.161 seconds
[2025-10-07T04:59:38.355+0000] {processor.py:161} INFO - Started process (PID=801) to work on /opt/airflow/dags/airflow.py
[2025-10-07T04:59:38.356+0000] {processor.py:830} INFO - Processing file /opt/airflow/dags/airflow.py for tasks to queue
[2025-10-07T04:59:38.359+0000] {logging_mixin.py:188} INFO - [2025-10-07T04:59:38.358+0000] {dagbag.py:545} INFO - Filling up the DagBag from /opt/airflow/dags/airflow.py
[2025-10-07T04:59:38.392+0000] {processor.py:840} INFO - DAG(s) 'sms_spam_pipeline' retrieved from /opt/airflow/dags/airflow.py
[2025-10-07T04:59:38.433+0000] {logging_mixin.py:188} INFO - [2025-10-07T04:59:38.433+0000] {dag.py:3096} INFO - Sync 1 DAGs
[2025-10-07T04:59:38.461+0000] {logging_mixin.py:188} INFO - [2025-10-07T04:59:38.461+0000] {dag.py:3954} INFO - Setting next_dagrun for sms_spam_pipeline to 2025-10-07 00:00:00+00:00, run_after=2025-10-08 00:00:00+00:00
[2025-10-07T04:59:38.489+0000] {processor.py:183} INFO - Processing /opt/airflow/dags/airflow.py took 0.142 seconds
[2025-10-07T05:00:08.572+0000] {processor.py:161} INFO - Started process (PID=806) to work on /opt/airflow/dags/airflow.py
[2025-10-07T05:00:08.573+0000] {processor.py:830} INFO - Processing file /opt/airflow/dags/airflow.py for tasks to queue
[2025-10-07T05:00:08.576+0000] {logging_mixin.py:188} INFO - [2025-10-07T05:00:08.576+0000] {dagbag.py:545} INFO - Filling up the DagBag from /opt/airflow/dags/airflow.py
[2025-10-07T05:00:08.608+0000] {processor.py:840} INFO - DAG(s) 'sms_spam_pipeline' retrieved from /opt/airflow/dags/airflow.py
[2025-10-07T05:00:08.651+0000] {logging_mixin.py:188} INFO - [2025-10-07T05:00:08.650+0000] {dag.py:3096} INFO - Sync 1 DAGs
[2025-10-07T05:00:08.675+0000] {logging_mixin.py:188} INFO - [2025-10-07T05:00:08.675+0000] {dag.py:3954} INFO - Setting next_dagrun for sms_spam_pipeline to 2025-10-07 00:00:00+00:00, run_after=2025-10-08 00:00:00+00:00
[2025-10-07T05:00:08.702+0000] {processor.py:183} INFO - Processing /opt/airflow/dags/airflow.py took 0.140 seconds
[2025-10-07T05:00:38.915+0000] {processor.py:161} INFO - Started process (PID=811) to work on /opt/airflow/dags/airflow.py
[2025-10-07T05:00:38.917+0000] {processor.py:830} INFO - Processing file /opt/airflow/dags/airflow.py for tasks to queue
[2025-10-07T05:00:38.920+0000] {logging_mixin.py:188} INFO - [2025-10-07T05:00:38.919+0000] {dagbag.py:545} INFO - Filling up the DagBag from /opt/airflow/dags/airflow.py
[2025-10-07T05:00:38.948+0000] {processor.py:840} INFO - DAG(s) 'sms_spam_pipeline' retrieved from /opt/airflow/dags/airflow.py
[2025-10-07T05:00:38.987+0000] {logging_mixin.py:188} INFO - [2025-10-07T05:00:38.986+0000] {dag.py:3096} INFO - Sync 1 DAGs
[2025-10-07T05:00:39.013+0000] {logging_mixin.py:188} INFO - [2025-10-07T05:00:39.013+0000] {dag.py:3954} INFO - Setting next_dagrun for sms_spam_pipeline to 2025-10-07 00:00:00+00:00, run_after=2025-10-08 00:00:00+00:00
[2025-10-07T05:00:39.037+0000] {processor.py:183} INFO - Processing /opt/airflow/dags/airflow.py took 0.128 seconds
[2025-10-07T05:01:09.139+0000] {processor.py:161} INFO - Started process (PID=816) to work on /opt/airflow/dags/airflow.py
[2025-10-07T05:01:09.140+0000] {processor.py:830} INFO - Processing file /opt/airflow/dags/airflow.py for tasks to queue
[2025-10-07T05:01:09.144+0000] {logging_mixin.py:188} INFO - [2025-10-07T05:01:09.143+0000] {dagbag.py:545} INFO - Filling up the DagBag from /opt/airflow/dags/airflow.py
[2025-10-07T05:01:09.179+0000] {processor.py:840} INFO - DAG(s) 'sms_spam_pipeline' retrieved from /opt/airflow/dags/airflow.py
[2025-10-07T05:01:09.221+0000] {logging_mixin.py:188} INFO - [2025-10-07T05:01:09.221+0000] {dag.py:3096} INFO - Sync 1 DAGs
[2025-10-07T05:01:09.246+0000] {logging_mixin.py:188} INFO - [2025-10-07T05:01:09.246+0000] {dag.py:3954} INFO - Setting next_dagrun for sms_spam_pipeline to 2025-10-07 00:00:00+00:00, run_after=2025-10-08 00:00:00+00:00
[2025-10-07T05:01:09.270+0000] {processor.py:183} INFO - Processing /opt/airflow/dags/airflow.py took 0.141 seconds
[2025-10-07T05:01:39.509+0000] {processor.py:161} INFO - Started process (PID=821) to work on /opt/airflow/dags/airflow.py
[2025-10-07T05:01:39.511+0000] {processor.py:830} INFO - Processing file /opt/airflow/dags/airflow.py for tasks to queue
[2025-10-07T05:01:39.524+0000] {logging_mixin.py:188} INFO - [2025-10-07T05:01:39.523+0000] {dagbag.py:545} INFO - Filling up the DagBag from /opt/airflow/dags/airflow.py
[2025-10-07T05:01:39.597+0000] {processor.py:840} INFO - DAG(s) 'sms_spam_pipeline' retrieved from /opt/airflow/dags/airflow.py
[2025-10-07T05:01:39.654+0000] {logging_mixin.py:188} INFO - [2025-10-07T05:01:39.653+0000] {dag.py:3096} INFO - Sync 1 DAGs
[2025-10-07T05:01:39.686+0000] {logging_mixin.py:188} INFO - [2025-10-07T05:01:39.685+0000] {dag.py:3954} INFO - Setting next_dagrun for sms_spam_pipeline to 2025-10-07 00:00:00+00:00, run_after=2025-10-08 00:00:00+00:00
[2025-10-07T05:01:39.732+0000] {processor.py:183} INFO - Processing /opt/airflow/dags/airflow.py took 0.246 seconds
[2025-10-07T05:02:09.993+0000] {processor.py:161} INFO - Started process (PID=826) to work on /opt/airflow/dags/airflow.py
[2025-10-07T05:02:09.996+0000] {processor.py:830} INFO - Processing file /opt/airflow/dags/airflow.py for tasks to queue
[2025-10-07T05:02:09.998+0000] {logging_mixin.py:188} INFO - [2025-10-07T05:02:09.998+0000] {dagbag.py:545} INFO - Filling up the DagBag from /opt/airflow/dags/airflow.py
[2025-10-07T05:02:10.040+0000] {processor.py:840} INFO - DAG(s) 'sms_spam_pipeline' retrieved from /opt/airflow/dags/airflow.py
[2025-10-07T05:02:10.082+0000] {logging_mixin.py:188} INFO - [2025-10-07T05:02:10.082+0000] {dag.py:3096} INFO - Sync 1 DAGs
[2025-10-07T05:02:10.114+0000] {logging_mixin.py:188} INFO - [2025-10-07T05:02:10.114+0000] {dag.py:3954} INFO - Setting next_dagrun for sms_spam_pipeline to 2025-10-07 00:00:00+00:00, run_after=2025-10-08 00:00:00+00:00
[2025-10-07T05:02:10.142+0000] {processor.py:183} INFO - Processing /opt/airflow/dags/airflow.py took 0.160 seconds
[2025-10-07T05:02:40.384+0000] {processor.py:161} INFO - Started process (PID=831) to work on /opt/airflow/dags/airflow.py
[2025-10-07T05:02:40.386+0000] {processor.py:830} INFO - Processing file /opt/airflow/dags/airflow.py for tasks to queue
[2025-10-07T05:02:40.389+0000] {logging_mixin.py:188} INFO - [2025-10-07T05:02:40.388+0000] {dagbag.py:545} INFO - Filling up the DagBag from /opt/airflow/dags/airflow.py
[2025-10-07T05:02:40.422+0000] {processor.py:840} INFO - DAG(s) 'sms_spam_pipeline' retrieved from /opt/airflow/dags/airflow.py
[2025-10-07T05:02:40.462+0000] {logging_mixin.py:188} INFO - [2025-10-07T05:02:40.462+0000] {dag.py:3096} INFO - Sync 1 DAGs
[2025-10-07T05:02:40.493+0000] {logging_mixin.py:188} INFO - [2025-10-07T05:02:40.493+0000] {dag.py:3954} INFO - Setting next_dagrun for sms_spam_pipeline to 2025-10-07 00:00:00+00:00, run_after=2025-10-08 00:00:00+00:00
[2025-10-07T05:02:40.522+0000] {processor.py:183} INFO - Processing /opt/airflow/dags/airflow.py took 0.146 seconds
[2025-10-07T05:03:10.827+0000] {processor.py:161} INFO - Started process (PID=836) to work on /opt/airflow/dags/airflow.py
[2025-10-07T05:03:10.828+0000] {processor.py:830} INFO - Processing file /opt/airflow/dags/airflow.py for tasks to queue
[2025-10-07T05:03:10.831+0000] {logging_mixin.py:188} INFO - [2025-10-07T05:03:10.831+0000] {dagbag.py:545} INFO - Filling up the DagBag from /opt/airflow/dags/airflow.py
[2025-10-07T05:03:10.864+0000] {processor.py:840} INFO - DAG(s) 'sms_spam_pipeline' retrieved from /opt/airflow/dags/airflow.py
[2025-10-07T05:03:10.921+0000] {logging_mixin.py:188} INFO - [2025-10-07T05:03:10.921+0000] {dag.py:3096} INFO - Sync 1 DAGs
[2025-10-07T05:03:10.950+0000] {logging_mixin.py:188} INFO - [2025-10-07T05:03:10.950+0000] {dag.py:3954} INFO - Setting next_dagrun for sms_spam_pipeline to 2025-10-07 00:00:00+00:00, run_after=2025-10-08 00:00:00+00:00
[2025-10-07T05:03:10.980+0000] {processor.py:183} INFO - Processing /opt/airflow/dags/airflow.py took 0.166 seconds
[2025-10-07T05:03:41.086+0000] {processor.py:161} INFO - Started process (PID=841) to work on /opt/airflow/dags/airflow.py
[2025-10-07T05:03:41.087+0000] {processor.py:830} INFO - Processing file /opt/airflow/dags/airflow.py for tasks to queue
[2025-10-07T05:03:41.090+0000] {logging_mixin.py:188} INFO - [2025-10-07T05:03:41.090+0000] {dagbag.py:545} INFO - Filling up the DagBag from /opt/airflow/dags/airflow.py
[2025-10-07T05:03:41.128+0000] {processor.py:840} INFO - DAG(s) 'sms_spam_pipeline' retrieved from /opt/airflow/dags/airflow.py
[2025-10-07T05:03:41.180+0000] {logging_mixin.py:188} INFO - [2025-10-07T05:03:41.180+0000] {dag.py:3096} INFO - Sync 1 DAGs
[2025-10-07T05:03:41.212+0000] {logging_mixin.py:188} INFO - [2025-10-07T05:03:41.211+0000] {dag.py:3954} INFO - Setting next_dagrun for sms_spam_pipeline to 2025-10-07 00:00:00+00:00, run_after=2025-10-08 00:00:00+00:00
[2025-10-07T05:03:41.252+0000] {processor.py:183} INFO - Processing /opt/airflow/dags/airflow.py took 0.175 seconds
[2025-10-07T05:04:11.450+0000] {processor.py:161} INFO - Started process (PID=846) to work on /opt/airflow/dags/airflow.py
[2025-10-07T05:04:11.451+0000] {processor.py:830} INFO - Processing file /opt/airflow/dags/airflow.py for tasks to queue
[2025-10-07T05:04:11.453+0000] {logging_mixin.py:188} INFO - [2025-10-07T05:04:11.453+0000] {dagbag.py:545} INFO - Filling up the DagBag from /opt/airflow/dags/airflow.py
[2025-10-07T05:04:11.480+0000] {processor.py:840} INFO - DAG(s) 'sms_spam_pipeline' retrieved from /opt/airflow/dags/airflow.py
[2025-10-07T05:04:11.517+0000] {logging_mixin.py:188} INFO - [2025-10-07T05:04:11.516+0000] {dag.py:3096} INFO - Sync 1 DAGs
[2025-10-07T05:04:11.542+0000] {logging_mixin.py:188} INFO - [2025-10-07T05:04:11.542+0000] {dag.py:3954} INFO - Setting next_dagrun for sms_spam_pipeline to 2025-10-07 00:00:00+00:00, run_after=2025-10-08 00:00:00+00:00
[2025-10-07T05:04:11.568+0000] {processor.py:183} INFO - Processing /opt/airflow/dags/airflow.py took 0.126 seconds
[2025-10-07T05:04:41.688+0000] {processor.py:161} INFO - Started process (PID=851) to work on /opt/airflow/dags/airflow.py
[2025-10-07T05:04:41.690+0000] {processor.py:830} INFO - Processing file /opt/airflow/dags/airflow.py for tasks to queue
[2025-10-07T05:04:41.692+0000] {logging_mixin.py:188} INFO - [2025-10-07T05:04:41.692+0000] {dagbag.py:545} INFO - Filling up the DagBag from /opt/airflow/dags/airflow.py
[2025-10-07T05:04:41.721+0000] {processor.py:840} INFO - DAG(s) 'sms_spam_pipeline' retrieved from /opt/airflow/dags/airflow.py
[2025-10-07T05:04:41.761+0000] {logging_mixin.py:188} INFO - [2025-10-07T05:04:41.760+0000] {dag.py:3096} INFO - Sync 1 DAGs
[2025-10-07T05:04:41.787+0000] {logging_mixin.py:188} INFO - [2025-10-07T05:04:41.786+0000] {dag.py:3954} INFO - Setting next_dagrun for sms_spam_pipeline to 2025-10-07 00:00:00+00:00, run_after=2025-10-08 00:00:00+00:00
[2025-10-07T05:04:41.811+0000] {processor.py:183} INFO - Processing /opt/airflow/dags/airflow.py took 0.131 seconds
[2025-10-07T05:05:12.001+0000] {processor.py:161} INFO - Started process (PID=856) to work on /opt/airflow/dags/airflow.py
[2025-10-07T05:05:12.002+0000] {processor.py:830} INFO - Processing file /opt/airflow/dags/airflow.py for tasks to queue
[2025-10-07T05:05:12.005+0000] {logging_mixin.py:188} INFO - [2025-10-07T05:05:12.005+0000] {dagbag.py:545} INFO - Filling up the DagBag from /opt/airflow/dags/airflow.py
[2025-10-07T05:05:12.035+0000] {processor.py:840} INFO - DAG(s) 'sms_spam_pipeline' retrieved from /opt/airflow/dags/airflow.py
[2025-10-07T05:05:12.075+0000] {logging_mixin.py:188} INFO - [2025-10-07T05:05:12.075+0000] {dag.py:3096} INFO - Sync 1 DAGs
[2025-10-07T05:05:12.102+0000] {logging_mixin.py:188} INFO - [2025-10-07T05:05:12.101+0000] {dag.py:3954} INFO - Setting next_dagrun for sms_spam_pipeline to 2025-10-07 00:00:00+00:00, run_after=2025-10-08 00:00:00+00:00
[2025-10-07T05:05:12.129+0000] {processor.py:183} INFO - Processing /opt/airflow/dags/airflow.py took 0.137 seconds
[2025-10-07T05:05:42.241+0000] {processor.py:161} INFO - Started process (PID=861) to work on /opt/airflow/dags/airflow.py
[2025-10-07T05:05:42.243+0000] {processor.py:830} INFO - Processing file /opt/airflow/dags/airflow.py for tasks to queue
[2025-10-07T05:05:42.245+0000] {logging_mixin.py:188} INFO - [2025-10-07T05:05:42.245+0000] {dagbag.py:545} INFO - Filling up the DagBag from /opt/airflow/dags/airflow.py
[2025-10-07T05:05:42.277+0000] {processor.py:840} INFO - DAG(s) 'sms_spam_pipeline' retrieved from /opt/airflow/dags/airflow.py
[2025-10-07T05:05:42.318+0000] {logging_mixin.py:188} INFO - [2025-10-07T05:05:42.318+0000] {dag.py:3096} INFO - Sync 1 DAGs
[2025-10-07T05:05:42.345+0000] {logging_mixin.py:188} INFO - [2025-10-07T05:05:42.345+0000] {dag.py:3954} INFO - Setting next_dagrun for sms_spam_pipeline to 2025-10-07 00:00:00+00:00, run_after=2025-10-08 00:00:00+00:00
[2025-10-07T05:05:42.370+0000] {processor.py:183} INFO - Processing /opt/airflow/dags/airflow.py took 0.137 seconds
[2025-10-07T05:06:12.563+0000] {processor.py:161} INFO - Started process (PID=866) to work on /opt/airflow/dags/airflow.py
[2025-10-07T05:06:12.564+0000] {processor.py:830} INFO - Processing file /opt/airflow/dags/airflow.py for tasks to queue
[2025-10-07T05:06:12.566+0000] {logging_mixin.py:188} INFO - [2025-10-07T05:06:12.566+0000] {dagbag.py:545} INFO - Filling up the DagBag from /opt/airflow/dags/airflow.py
[2025-10-07T05:06:12.600+0000] {processor.py:840} INFO - DAG(s) 'sms_spam_pipeline' retrieved from /opt/airflow/dags/airflow.py
[2025-10-07T05:06:12.641+0000] {logging_mixin.py:188} INFO - [2025-10-07T05:06:12.641+0000] {dag.py:3096} INFO - Sync 1 DAGs
[2025-10-07T05:06:12.666+0000] {logging_mixin.py:188} INFO - [2025-10-07T05:06:12.666+0000] {dag.py:3954} INFO - Setting next_dagrun for sms_spam_pipeline to 2025-10-07 00:00:00+00:00, run_after=2025-10-08 00:00:00+00:00
[2025-10-07T05:06:12.692+0000] {processor.py:183} INFO - Processing /opt/airflow/dags/airflow.py took 0.137 seconds
[2025-10-07T05:06:42.820+0000] {processor.py:161} INFO - Started process (PID=871) to work on /opt/airflow/dags/airflow.py
[2025-10-07T05:06:42.821+0000] {processor.py:830} INFO - Processing file /opt/airflow/dags/airflow.py for tasks to queue
[2025-10-07T05:06:42.827+0000] {logging_mixin.py:188} INFO - [2025-10-07T05:06:42.826+0000] {dagbag.py:545} INFO - Filling up the DagBag from /opt/airflow/dags/airflow.py
[2025-10-07T05:06:42.881+0000] {processor.py:840} INFO - DAG(s) 'sms_spam_pipeline' retrieved from /opt/airflow/dags/airflow.py
[2025-10-07T05:06:42.940+0000] {logging_mixin.py:188} INFO - [2025-10-07T05:06:42.940+0000] {dag.py:3096} INFO - Sync 1 DAGs
[2025-10-07T05:06:42.976+0000] {logging_mixin.py:188} INFO - [2025-10-07T05:06:42.976+0000] {dag.py:3954} INFO - Setting next_dagrun for sms_spam_pipeline to 2025-10-07 00:00:00+00:00, run_after=2025-10-08 00:00:00+00:00
[2025-10-07T05:06:43.018+0000] {processor.py:183} INFO - Processing /opt/airflow/dags/airflow.py took 0.210 seconds
[2025-10-07T05:07:13.118+0000] {processor.py:161} INFO - Started process (PID=876) to work on /opt/airflow/dags/airflow.py
[2025-10-07T05:07:13.119+0000] {processor.py:830} INFO - Processing file /opt/airflow/dags/airflow.py for tasks to queue
[2025-10-07T05:07:13.122+0000] {logging_mixin.py:188} INFO - [2025-10-07T05:07:13.121+0000] {dagbag.py:545} INFO - Filling up the DagBag from /opt/airflow/dags/airflow.py
[2025-10-07T05:07:13.151+0000] {processor.py:840} INFO - DAG(s) 'sms_spam_pipeline' retrieved from /opt/airflow/dags/airflow.py
[2025-10-07T05:07:13.186+0000] {logging_mixin.py:188} INFO - [2025-10-07T05:07:13.186+0000] {dag.py:3096} INFO - Sync 1 DAGs
[2025-10-07T05:07:13.211+0000] {logging_mixin.py:188} INFO - [2025-10-07T05:07:13.210+0000] {dag.py:3954} INFO - Setting next_dagrun for sms_spam_pipeline to 2025-10-07 00:00:00+00:00, run_after=2025-10-08 00:00:00+00:00
[2025-10-07T05:07:13.238+0000] {processor.py:183} INFO - Processing /opt/airflow/dags/airflow.py took 0.128 seconds
[2025-10-07T05:07:43.449+0000] {processor.py:161} INFO - Started process (PID=881) to work on /opt/airflow/dags/airflow.py
[2025-10-07T05:07:43.451+0000] {processor.py:830} INFO - Processing file /opt/airflow/dags/airflow.py for tasks to queue
[2025-10-07T05:07:43.453+0000] {logging_mixin.py:188} INFO - [2025-10-07T05:07:43.453+0000] {dagbag.py:545} INFO - Filling up the DagBag from /opt/airflow/dags/airflow.py
[2025-10-07T05:07:43.481+0000] {processor.py:840} INFO - DAG(s) 'sms_spam_pipeline' retrieved from /opt/airflow/dags/airflow.py
[2025-10-07T05:07:43.518+0000] {logging_mixin.py:188} INFO - [2025-10-07T05:07:43.518+0000] {dag.py:3096} INFO - Sync 1 DAGs
[2025-10-07T05:07:43.542+0000] {logging_mixin.py:188} INFO - [2025-10-07T05:07:43.542+0000] {dag.py:3954} INFO - Setting next_dagrun for sms_spam_pipeline to 2025-10-07 00:00:00+00:00, run_after=2025-10-08 00:00:00+00:00
[2025-10-07T05:07:43.568+0000] {processor.py:183} INFO - Processing /opt/airflow/dags/airflow.py took 0.126 seconds
[2025-10-07T05:08:13.842+0000] {processor.py:161} INFO - Started process (PID=886) to work on /opt/airflow/dags/airflow.py
[2025-10-07T05:08:13.843+0000] {processor.py:830} INFO - Processing file /opt/airflow/dags/airflow.py for tasks to queue
[2025-10-07T05:08:13.847+0000] {logging_mixin.py:188} INFO - [2025-10-07T05:08:13.847+0000] {dagbag.py:545} INFO - Filling up the DagBag from /opt/airflow/dags/airflow.py
[2025-10-07T05:08:13.886+0000] {processor.py:840} INFO - DAG(s) 'sms_spam_pipeline' retrieved from /opt/airflow/dags/airflow.py
[2025-10-07T05:08:13.939+0000] {logging_mixin.py:188} INFO - [2025-10-07T05:08:13.939+0000] {dag.py:3096} INFO - Sync 1 DAGs
[2025-10-07T05:08:13.971+0000] {logging_mixin.py:188} INFO - [2025-10-07T05:08:13.970+0000] {dag.py:3954} INFO - Setting next_dagrun for sms_spam_pipeline to 2025-10-07 00:00:00+00:00, run_after=2025-10-08 00:00:00+00:00
[2025-10-07T05:08:14.007+0000] {processor.py:183} INFO - Processing /opt/airflow/dags/airflow.py took 0.174 seconds
[2025-10-07T05:08:44.257+0000] {processor.py:161} INFO - Started process (PID=891) to work on /opt/airflow/dags/airflow.py
[2025-10-07T05:08:44.260+0000] {processor.py:830} INFO - Processing file /opt/airflow/dags/airflow.py for tasks to queue
[2025-10-07T05:08:44.264+0000] {logging_mixin.py:188} INFO - [2025-10-07T05:08:44.263+0000] {dagbag.py:545} INFO - Filling up the DagBag from /opt/airflow/dags/airflow.py
[2025-10-07T05:08:44.297+0000] {processor.py:840} INFO - DAG(s) 'sms_spam_pipeline' retrieved from /opt/airflow/dags/airflow.py
[2025-10-07T05:08:44.343+0000] {logging_mixin.py:188} INFO - [2025-10-07T05:08:44.343+0000] {dag.py:3096} INFO - Sync 1 DAGs
[2025-10-07T05:08:44.374+0000] {logging_mixin.py:188} INFO - [2025-10-07T05:08:44.374+0000] {dag.py:3954} INFO - Setting next_dagrun for sms_spam_pipeline to 2025-10-07 00:00:00+00:00, run_after=2025-10-08 00:00:00+00:00
[2025-10-07T05:08:44.409+0000] {processor.py:183} INFO - Processing /opt/airflow/dags/airflow.py took 0.163 seconds
